"Статистик үзүүлэлт","Хөдөлмөр эрхлэлтийн статус","Насны бүлэг","АЙМАГ","2024"
"Бүгд","Ажил олгогч","Бүгд","Улсын дүн","49,636"
"Бүгд","Ажил олгогч","Бүгд","Баруун бүс","3,921"
"Бүгд","Ажил олгогч","Бүгд","Хангайн бүс","8,651"
"Бүгд","Ажил олгогч","Бүгд","Төвийн бүс","5,890"
"Бүгд","Ажил олгогч","Бүгд","Зүүн бүс","3,682"
"Бүгд","Ажил олгогч","Бүгд","Улаанбаатар","27,491"
"Бүгд","Ажил олгогч","  15-19","Улсын дүн","279"
"Бүгд","Ажил олгогч","  15-19","Баруун бүс","0"
"Бүгд","Ажил олгогч","  15-19","Хангайн бүс","0"
"Бүгд","Ажил олгогч","  15-19","Төвийн бүс","82"
"Бүгд","Ажил олгогч","  15-19","Зүүн бүс","0"
"Бүгд","Ажил олгогч","  15-19","Улаанбаатар","197"
"Бүгд","Ажил олгогч","  20-24","Улсын дүн","609"
"Бүгд","Ажил олгогч","  20-24","Баруун бүс","110"
"Бүгд","Ажил олгогч","  20-24","Хангайн бүс","302"
"Бүгд","Ажил олгогч","  20-24","Төвийн бүс","0"
"Бүгд","Ажил олгогч","  20-24","Зүүн бүс","36"
"Бүгд","Ажил олгогч","  20-24","Улаанбаатар","161"
"Бүгд","Ажил олгогч","  25-29","Улсын дүн","4,427"
"Бүгд","Ажил олгогч","  25-29","Баруун бүс","490"
"Бүгд","Ажил олгогч","  25-29","Хангайн бүс","880"
"Бүгд","Ажил олгогч","  25-29","Төвийн бүс","580"
"Бүгд","Ажил олгогч","  25-29","Зүүн бүс","152"
"Бүгд","Ажил олгогч","  25-29","Улаанбаатар","2,325"
"Бүгд","Ажил олгогч","  30-34","Улсын дүн","6,132"
"Бүгд","Ажил олгогч","  30-34","Баруун бүс","113"
"Бүгд","Ажил олгогч","  30-34","Хангайн бүс","633"
"Бүгд","Ажил олгогч","  30-34","Төвийн бүс","496"
"Бүгд","Ажил олгогч","  30-34","Зүүн бүс","654"
"Бүгд","Ажил олгогч","  30-34","Улаанбаатар","4,236"
"Бүгд","Ажил олгогч","  35-39","Улсын дүн","9,685"
"Бүгд","Ажил олгогч","  35-39","Баруун бүс","187"
"Бүгд","Ажил олгогч","  35-39","Хангайн бүс","1,198"
"Бүгд","Ажил олгогч","  35-39","Төвийн бүс","1,136"
"Бүгд","Ажил олгогч","  35-39","Зүүн бүс","691"
"Бүгд","Ажил олгогч","  35-39","Улаанбаатар","6,474"
"Бүгд","Ажил олгогч","  40-44","Улсын дүн","10,017"
"Бүгд","Ажил олгогч","  40-44","Баруун бүс","1,252"
"Бүгд","Ажил олгогч","  40-44","Хангайн бүс","1,458"
"Бүгд","Ажил олгогч","  40-44","Төвийн бүс","724"
"Бүгд","Ажил олгогч","  40-44","Зүүн бүс","292"
"Бүгд","Ажил олгогч","  40-44","Улаанбаатар","6,291"
"Бүгд","Ажил олгогч","  45-49","Улсын дүн","6,595"
"Бүгд","Ажил олгогч","  45-49","Баруун бүс","576"
"Бүгд","Ажил олгогч","  45-49","Хангайн бүс","1,409"
"Бүгд","Ажил олгогч","  45-49","Төвийн бүс","784"
"Бүгд","Ажил олгогч","  45-49","Зүүн бүс","899"
"Бүгд","Ажил олгогч","  45-49","Улаанбаатар","2,927"
"Бүгд","Ажил олгогч","  50-54","Улсын дүн","5,298"
"Бүгд","Ажил олгогч","  50-54","Баруун бүс","608"
"Бүгд","Ажил олгогч","  50-54","Хангайн бүс","1,585"
"Бүгд","Ажил олгогч","  50-54","Төвийн бүс","608"
"Бүгд","Ажил олгогч","  50-54","Зүүн бүс","551"
"Бүгд","Ажил олгогч","  50-54","Улаанбаатар","1,946"
"Бүгд","Ажил олгогч","  55-59","Улсын дүн","4,449"
"Бүгд","Ажил олгогч","  55-59","Баруун бүс","66"
"Бүгд","Ажил олгогч","  55-59","Хангайн бүс","596"
"Бүгд","Ажил олгогч","  55-59","Төвийн бүс","986"
"Бүгд","Ажил олгогч","  55-59","Зүүн бүс","234"
"Бүгд","Ажил олгогч","  55-59","Улаанбаатар","2,566"
"Бүгд","Ажил олгогч","  60-64","Улсын дүн","1,504"
"Бүгд","Ажил олгогч","  60-64","Баруун бүс","176"
"Бүгд","Ажил олгогч","  60-64","Хангайн бүс","549"
"Бүгд","Ажил олгогч","  60-64","Төвийн бүс","398"
"Бүгд","Ажил олгогч","  60-64","Зүүн бүс","19"
"Бүгд","Ажил олгогч","  60-64","Улаанбаатар","362"
"Бүгд","Ажил олгогч","  65-69","Улсын дүн","217"
"Бүгд","Ажил олгогч","  65-69","Баруун бүс","0"
"Бүгд","Ажил олгогч","  65-69","Хангайн бүс","0"
"Бүгд","Ажил олгогч","  65-69","Төвийн бүс","58"
"Бүгд","Ажил олгогч","  65-69","Зүүн бүс","152"
"Бүгд","Ажил олгогч","  65-69","Улаанбаатар","7"
"Бүгд","Ажил олгогч","  70+","Улсын дүн","423"
"Бүгд","Ажил олгогч","  70+","Баруун бүс","342"
"Бүгд","Ажил олгогч","  70+","Хангайн бүс","43"
"Бүгд","Ажил олгогч","  70+","Төвийн бүс","38"
"Бүгд","Ажил олгогч","  70+","Зүүн бүс","0"
"Бүгд","Ажил олгогч","  70+","Улаанбаатар","0"
"Бүгд","Цалин хөлстэй ажиллагчгүй бие даасан ажиллагч","Бүгд","Улсын дүн","483,587"
"Бүгд","Цалин хөлстэй ажиллагчгүй бие даасан ажиллагч","Бүгд","Баруун бүс","99,248"
"Бүгд","Цалин хөлстэй ажиллагчгүй бие даасан ажиллагч","Бүгд","Хангайн бүс","128,826"
"Бүгд","Цалин хөлстэй ажиллагчгүй бие даасан ажиллагч","Бүгд","Төвийн бүс","70,411"
"Бүгд","Цалин хөлстэй ажиллагчгүй бие даасан ажиллагч","Бүгд","Зүүн бүс","49,597"
"Бүгд","Цалин хөлстэй ажиллагчгүй бие даасан ажиллагч","Бүгд","Улаанбаатар","135,507"
"Бүгд","Цалин хөлстэй ажиллагчгүй бие даасан ажиллагч","  15-19","Улсын дүн","6,702"
"Бүгд","Цалин хөлстэй ажиллагчгүй бие даасан ажиллагч","  15-19","Баруун бүс","1,528"
"Бүгд","Цалин хөлстэй ажиллагчгүй бие даасан ажиллагч","  15-19","Хангайн бүс","3,483"
"Бүгд","Цалин хөлстэй ажиллагчгүй бие даасан ажиллагч","  15-19","Төвийн бүс","380"
"Бүгд","Цалин хөлстэй ажиллагчгүй бие даасан ажиллагч","  15-19","Зүүн бүс","954"
"Бүгд","Цалин хөлстэй ажиллагчгүй бие даасан ажиллагч","  15-19","Улаанбаатар","356"
"Бүгд","Цалин хөлстэй ажиллагчгүй бие даасан ажиллагч","  20-24","Улсын дүн","23,750"
"Бүгд","Цалин хөлстэй ажиллагчгүй бие даасан ажиллагч","  20-24","Баруун бүс","5,977"
"Бүгд","Цалин хөлстэй ажиллагчгүй бие даасан ажиллагч","  20-24","Хангайн бүс","7,474"
"Бүгд","Цалин хөлстэй ажиллагчгүй бие даасан ажиллагч","  20-24","Төвийн бүс","3,144"
"Бүгд","Цалин хөлстэй ажиллагчгүй бие даасан ажиллагч","  20-24","Зүүн бүс","2,830"
"Бүгд","Цалин хөлстэй ажиллагчгүй бие даасан ажиллагч","  20-24","Улаанбаатар","4,325"
"Бүгд","Цалин хөлстэй ажиллагчгүй бие даасан ажиллагч","  25-29","Улсын дүн","42,978"
"Бүгд","Цалин хөлстэй ажиллагчгүй бие даасан ажиллагч","  25-29","Баруун бүс","10,563"
"Бүгд","Цалин хөлстэй ажиллагчгүй бие даасан ажиллагч","  25-29","Хангайн бүс","13,069"
"Бүгд","Цалин хөлстэй ажиллагчгүй бие даасан ажиллагч","  25-29","Төвийн бүс","4,518"
"Бүгд","Цалин хөлстэй ажиллагчгүй бие даасан ажиллагч","  25-29","Зүүн бүс","5,808"
"Бүгд","Цалин хөлстэй ажиллагчгүй бие даасан ажиллагч","  25-29","Улаанбаатар","9,021"
"Бүгд","Цалин хөлстэй ажиллагчгүй бие даасан ажиллагч","  30-34","Улсын дүн","51,779"
"Бүгд","Цалин хөлстэй ажиллагчгүй бие даасан ажиллагч","  30-34","Баруун бүс","9,089"
"Бүгд","Цалин хөлстэй ажиллагчгүй бие даасан ажиллагч","  30-34","Хангайн бүс","11,418"
"Бүгд","Цалин хөлстэй ажиллагчгүй бие даасан ажиллагч","  30-34","Төвийн бүс","9,453"
"Бүгд","Цалин хөлстэй ажиллагчгүй бие даасан ажиллагч","  30-34","Зүүн бүс","6,943"
"Бүгд","Цалин хөлстэй ажиллагчгүй бие даасан ажиллагч","  30-34","Улаанбаатар","14,876"
"Бүгд","Цалин хөлстэй ажиллагчгүй бие даасан ажиллагч","  35-39","Улсын дүн","70,841"
"Бүгд","Цалин хөлстэй ажиллагчгүй бие даасан ажиллагч","  35-39","Баруун бүс","15,061"
"Бүгд","Цалин хөлстэй ажиллагчгүй бие даасан ажиллагч","  35-39","Хангайн бүс","17,995"
"Бүгд","Цалин хөлстэй ажиллагчгүй бие даасан ажиллагч","  35-39","Төвийн бүс","8,733"
"Бүгд","Цалин хөлстэй ажиллагчгүй бие даасан ажиллагч","  35-39","Зүүн бүс","5,563"
"Бүгд","Цалин хөлстэй ажиллагчгүй бие даасан ажиллагч","  35-39","Улаанбаатар","23,488"
"Бүгд","Цалин хөлстэй ажиллагчгүй бие даасан ажиллагч","  40-44","Улсын дүн","76,002"
"Бүгд","Цалин хөлстэй ажиллагчгүй бие даасан ажиллагч","  40-44","Баруун бүс","15,619"
"Бүгд","Цалин хөлстэй ажиллагчгүй бие даасан ажиллагч","  40-44","Хангайн бүс","19,022"
"Бүгд","Цалин хөлстэй ажиллагчгүй бие даасан ажиллагч","  40-44","Төвийн бүс","12,502"
"Бүгд","Цалин хөлстэй ажиллагчгүй бие даасан ажиллагч","  40-44","Зүүн бүс","6,426"
"Бүгд","Цалин хөлстэй ажиллагчгүй бие даасан ажиллагч","  40-44","Улаанбаатар","22,431"
"Бүгд","Цалин хөлстэй ажиллагчгүй бие даасан ажиллагч","  45-49","Улсын дүн","74,471"
"Бүгд","Цалин хөлстэй ажиллагчгүй бие даасан ажиллагч","  45-49","Баруун бүс","12,989"
"Бүгд","Цалин хөлстэй ажиллагчгүй бие даасан ажиллагч","  45-49","Хангайн бүс","19,811"
"Бүгд","Цалин хөлстэй ажиллагчгүй бие даасан ажиллагч","  45-49","Төвийн бүс","11,031"
"Бүгд","Цалин хөлстэй ажиллагчгүй бие даасан ажиллагч","  45-49","Зүүн бүс","7,166"
"Бүгд","Цалин хөлстэй ажиллагчгүй бие даасан ажиллагч","  45-49","Улаанбаатар","23,474"
"Бүгд","Цалин хөлстэй ажиллагчгүй бие даасан ажиллагч","  50-54","Улсын дүн","64,819"
"Бүгд","Цалин хөлстэй ажиллагчгүй бие даасан ажиллагч","  50-54","Баруун бүс","12,849"
"Бүгд","Цалин хөлстэй ажиллагчгүй бие даасан ажиллагч","  50-54","Хангайн бүс","16,218"
"Бүгд","Цалин хөлстэй ажиллагчгүй бие даасан ажиллагч","  50-54","Төвийн бүс","9,875"
"Бүгд","Цалин хөлстэй ажиллагчгүй бие даасан ажиллагч","  50-54","Зүүн бүс","6,090"
"Бүгд","Цалин хөлстэй ажиллагчгүй бие даасан ажиллагч","  50-54","Улаанбаатар","19,787"
"Бүгд","Цалин хөлстэй ажиллагчгүй бие даасан ажиллагч","  55-59","Улсын дүн","38,026"
"Бүгд","Цалин хөлстэй ажиллагчгүй бие даасан ажиллагч","  55-59","Баруун бүс","9,019"
"Бүгд","Цалин хөлстэй ажиллагчгүй бие даасан ажиллагч","  55-59","Хангайн бүс","8,798"
"Бүгд","Цалин хөлстэй ажиллагчгүй бие даасан ажиллагч","  55-59","Төвийн бүс","5,277"
"Бүгд","Цалин хөлстэй ажиллагчгүй бие даасан ажиллагч","  55-59","Зүүн бүс","4,560"
"Бүгд","Цалин хөлстэй ажиллагчгүй бие даасан ажиллагч","  55-59","Улаанбаатар","10,373"
"Бүгд","Цалин хөлстэй ажиллагчгүй бие даасан ажиллагч","  60-64","Улсын дүн","20,110"
"Бүгд","Цалин хөлстэй ажиллагчгүй бие даасан ажиллагч","  60-64","Баруун бүс","3,864"
"Бүгд","Цалин хөлстэй ажиллагчгүй бие даасан ажиллагч","  60-64","Хангайн бүс","6,368"
"Бүгд","Цалин хөлстэй ажиллагчгүй бие даасан ажиллагч","  60-64","Төвийн бүс","2,434"
"Бүгд","Цалин хөлстэй ажиллагчгүй бие даасан ажиллагч","  60-64","Зүүн бүс","1,939"
"Бүгд","Цалин хөлстэй ажиллагчгүй бие даасан ажиллагч","  60-64","Улаанбаатар","5,504"
"Бүгд","Цалин хөлстэй ажиллагчгүй бие даасан ажиллагч","  65-69","Улсын дүн","10,291"
"Бүгд","Цалин хөлстэй ажиллагчгүй бие даасан ажиллагч","  65-69","Баруун бүс","1,506"
"Бүгд","Цалин хөлстэй ажиллагчгүй бие даасан ажиллагч","  65-69","Хангайн бүс","3,703"
"Бүгд","Цалин хөлстэй ажиллагчгүй бие даасан ажиллагч","  65-69","Төвийн бүс","2,306"
"Бүгд","Цалин хөлстэй ажиллагчгүй бие даасан ажиллагч","  65-69","Зүүн бүс","948"
"Бүгд","Цалин хөлстэй ажиллагчгүй бие даасан ажиллагч","  65-69","Улаанбаатар","1,826"
"Бүгд","Цалин хөлстэй ажиллагчгүй бие даасан ажиллагч","  70+","Улсын дүн","3,818"
"Бүгд","Цалин хөлстэй ажиллагчгүй бие даасан ажиллагч","  70+","Баруун бүс","1,184"
"Бүгд","Цалин хөлстэй ажиллагчгүй бие даасан ажиллагч","  70+","Хангайн бүс","1,467"
"Бүгд","Цалин хөлстэй ажиллагчгүй бие даасан ажиллагч","  70+","Төвийн бүс","754"
"Бүгд","Цалин хөлстэй ажиллагчгүй бие даасан ажиллагч","  70+","Зүүн бүс","370"
"Бүгд","Цалин хөлстэй ажиллагчгүй бие даасан ажиллагч","  70+","Улаанбаатар","45"
"Бүгд","Гүйцэтгэх гэрээлэгч","Бүгд","Улсын дүн","4,596"
"Бүгд","Гүйцэтгэх гэрээлэгч","Бүгд","Баруун бүс","836"
"Бүгд","Гүйцэтгэх гэрээлэгч","Бүгд","Хангайн бүс","464"
"Бүгд","Гүйцэтгэх гэрээлэгч","Бүгд","Төвийн бүс","2,337"
"Бүгд","Гүйцэтгэх гэрээлэгч","Бүгд","Зүүн бүс","519"
"Бүгд","Гүйцэтгэх гэрээлэгч","Бүгд","Улаанбаатар","440"
"Бүгд","Гүйцэтгэх гэрээлэгч","  15-19","Улсын дүн","127"
"Бүгд","Гүйцэтгэх гэрээлэгч","  15-19","Баруун бүс","0"
"Бүгд","Гүйцэтгэх гэрээлэгч","  15-19","Хангайн бүс","0"
"Бүгд","Гүйцэтгэх гэрээлэгч","  15-19","Төвийн бүс","127"
"Бүгд","Гүйцэтгэх гэрээлэгч","  15-19","Зүүн бүс","0"
"Бүгд","Гүйцэтгэх гэрээлэгч","  15-19","Улаанбаатар","0"
"Бүгд","Гүйцэтгэх гэрээлэгч","  20-24","Улсын дүн","280"
"Бүгд","Гүйцэтгэх гэрээлэгч","  20-24","Баруун бүс","0"
"Бүгд","Гүйцэтгэх гэрээлэгч","  20-24","Хангайн бүс","57"
"Бүгд","Гүйцэтгэх гэрээлэгч","  20-24","Төвийн бүс","184"
"Бүгд","Гүйцэтгэх гэрээлэгч","  20-24","Зүүн бүс","40"
"Бүгд","Гүйцэтгэх гэрээлэгч","  20-24","Улаанбаатар","0"
"Бүгд","Гүйцэтгэх гэрээлэгч","  25-29","Улсын дүн","176"
"Бүгд","Гүйцэтгэх гэрээлэгч","  25-29","Баруун бүс","176"
"Бүгд","Гүйцэтгэх гэрээлэгч","  25-29","Хангайн бүс","0"
"Бүгд","Гүйцэтгэх гэрээлэгч","  25-29","Төвийн бүс","0"
"Бүгд","Гүйцэтгэх гэрээлэгч","  25-29","Зүүн бүс","0"
"Бүгд","Гүйцэтгэх гэрээлэгч","  25-29","Улаанбаатар","0"
"Бүгд","Гүйцэтгэх гэрээлэгч","  30-34","Улсын дүн","432"
"Бүгд","Гүйцэтгэх гэрээлэгч","  30-34","Баруун бүс","125"
"Бүгд","Гүйцэтгэх гэрээлэгч","  30-34","Хангайн бүс","0"
"Бүгд","Гүйцэтгэх гэрээлэгч","  30-34","Төвийн бүс","67"
"Бүгд","Гүйцэтгэх гэрээлэгч","  30-34","Зүүн бүс","240"
"Бүгд","Гүйцэтгэх гэрээлэгч","  30-34","Улаанбаатар","0"
"Бүгд","Гүйцэтгэх гэрээлэгч","  35-39","Улсын дүн","734"
"Бүгд","Гүйцэтгэх гэрээлэгч","  35-39","Баруун бүс","125"
"Бүгд","Гүйцэтгэх гэрээлэгч","  35-39","Хангайн бүс","64"
"Бүгд","Гүйцэтгэх гэрээлэгч","  35-39","Төвийн бүс","544"
"Бүгд","Гүйцэтгэх гэрээлэгч","  35-39","Зүүн бүс","0"
"Бүгд","Гүйцэтгэх гэрээлэгч","  35-39","Улаанбаатар","0"
"Бүгд","Гүйцэтгэх гэрээлэгч","  40-44","Улсын дүн","496"
"Бүгд","Гүйцэтгэх гэрээлэгч","  40-44","Баруун бүс","115"
"Бүгд","Гүйцэтгэх гэрээлэгч","  40-44","Хангайн бүс","47"
"Бүгд","Гүйцэтгэх гэрээлэгч","  40-44","Төвийн бүс","271"
"Бүгд","Гүйцэтгэх гэрээлэгч","  40-44","Зүүн бүс","0"
"Бүгд","Гүйцэтгэх гэрээлэгч","  40-44","Улаанбаатар","64"
"Бүгд","Гүйцэтгэх гэрээлэгч","  45-49","Улсын дүн","790"
"Бүгд","Гүйцэтгэх гэрээлэгч","  45-49","Баруун бүс","49"
"Бүгд","Гүйцэтгэх гэрээлэгч","  45-49","Хангайн бүс","75"
"Бүгд","Гүйцэтгэх гэрээлэгч","  45-49","Төвийн бүс","493"
"Бүгд","Гүйцэтгэх гэрээлэгч","  45-49","Зүүн бүс","113"
"Бүгд","Гүйцэтгэх гэрээлэгч","  45-49","Улаанбаатар","58"
"Бүгд","Гүйцэтгэх гэрээлэгч","  50-54","Улсын дүн","354"
"Бүгд","Гүйцэтгэх гэрээлэгч","  50-54","Баруун бүс","50"
"Бүгд","Гүйцэтгэх гэрээлэгч","  50-54","Хангайн бүс","75"
"Бүгд","Гүйцэтгэх гэрээлэгч","  50-54","Төвийн бүс","136"
"Бүгд","Гүйцэтгэх гэрээлэгч","  50-54","Зүүн бүс","93"
"Бүгд","Гүйцэтгэх гэрээлэгч","  50-54","Улаанбаатар","0"
"Бүгд","Гүйцэтгэх гэрээлэгч","  55-59","Улсын дүн","511"
"Бүгд","Гүйцэтгэх гэрээлэгч","  55-59","Баруун бүс","195"
"Бүгд","Гүйцэтгэх гэрээлэгч","  55-59","Хангайн бүс","0"
"Бүгд","Гүйцэтгэх гэрээлэгч","  55-59","Төвийн бүс","282"
"Бүгд","Гүйцэтгэх гэрээлэгч","  55-59","Зүүн бүс","34"
"Бүгд","Гүйцэтгэх гэрээлэгч","  55-59","Улаанбаатар","0"
"Бүгд","Гүйцэтгэх гэрээлэгч","  60-64","Улсын дүн","223"
"Бүгд","Гүйцэтгэх гэрээлэгч","  60-64","Баруун бүс","0"
"Бүгд","Гүйцэтгэх гэрээлэгч","  60-64","Хангайн бүс","147"
"Бүгд","Гүйцэтгэх гэрээлэгч","  60-64","Төвийн бүс","76"
"Бүгд","Гүйцэтгэх гэрээлэгч","  60-64","Зүүн бүс","0"
"Бүгд","Гүйцэтгэх гэрээлэгч","  60-64","Улаанбаатар","0"
"Бүгд","Гүйцэтгэх гэрээлэгч","  65-69","Улсын дүн","318"
"Бүгд","Гүйцэтгэх гэрээлэгч","  65-69","Баруун бүс","0"
"Бүгд","Гүйцэтгэх гэрээлэгч","  65-69","Хангайн бүс","0"
"Бүгд","Гүйцэтгэх гэрээлэгч","  65-69","Төвийн бүс","0"
"Бүгд","Гүйцэтгэх гэрээлэгч","  65-69","Зүүн бүс","0"
"Бүгд","Гүйцэтгэх гэрээлэгч","  65-69","Улаанбаатар","318"
"Бүгд","Гүйцэтгэх гэрээлэгч","  70+","Улсын дүн","156"
"Бүгд","Гүйцэтгэх гэрээлэгч","  70+","Баруун бүс","0"
"Бүгд","Гүйцэтгэх гэрээлэгч","  70+","Хангайн бүс","0"
"Бүгд","Гүйцэтгэх гэрээлэгч","  70+","Төвийн бүс","156"
"Бүгд","Гүйцэтгэх гэрээлэгч","  70+","Зүүн бүс","0"
"Бүгд","Гүйцэтгэх гэрээлэгч","  70+","Улаанбаатар","0"
"Бүгд","Цалин хөлстэй ажиллагч","Бүгд","Улсын дүн","813,367"
"Бүгд","Цалин хөлстэй ажиллагч","Бүгд","Баруун бүс","69,138"
"Бүгд","Цалин хөлстэй ажиллагч","Бүгд","Хангайн бүс","112,852"
"Бүгд","Цалин хөлстэй ажиллагч","Бүгд","Төвийн бүс","120,073"
"Бүгд","Цалин хөлстэй ажиллагч","Бүгд","Зүүн бүс","47,466"
"Бүгд","Цалин хөлстэй ажиллагч","Бүгд","Улаанбаатар","463,838"
"Бүгд","Цалин хөлстэй ажиллагч","  15-19","Улсын дүн","8,689"
"Бүгд","Цалин хөлстэй ажиллагч","  15-19","Баруун бүс","622"
"Бүгд","Цалин хөлстэй ажиллагч","  15-19","Хангайн бүс","623"
"Бүгд","Цалин хөлстэй ажиллагч","  15-19","Төвийн бүс","828"
"Бүгд","Цалин хөлстэй ажиллагч","  15-19","Зүүн бүс","272"
"Бүгд","Цалин хөлстэй ажиллагч","  15-19","Улаанбаатар","6,345"
"Бүгд","Цалин хөлстэй ажиллагч","  20-24","Улсын дүн","70,539"
"Бүгд","Цалин хөлстэй ажиллагч","  20-24","Баруун бүс","4,149"
"Бүгд","Цалин хөлстэй ажиллагч","  20-24","Хангайн бүс","7,506"
"Бүгд","Цалин хөлстэй ажиллагч","  20-24","Төвийн бүс","7,292"
"Бүгд","Цалин хөлстэй ажиллагч","  20-24","Зүүн бүс","2,055"
"Бүгд","Цалин хөлстэй ажиллагч","  20-24","Улаанбаатар","49,540"
"Бүгд","Цалин хөлстэй ажиллагч","  25-29","Улсын дүн","116,692"
"Бүгд","Цалин хөлстэй ажиллагч","  25-29","Баруун бүс","10,016"
"Бүгд","Цалин хөлстэй ажиллагч","  25-29","Хангайн бүс","15,873"
"Бүгд","Цалин хөлстэй ажиллагч","  25-29","Төвийн бүс","16,333"
"Бүгд","Цалин хөлстэй ажиллагч","  25-29","Зүүн бүс","6,204"
"Бүгд","Цалин хөлстэй ажиллагч","  25-29","Улаанбаатар","68,267"
"Бүгд","Цалин хөлстэй ажиллагч","  30-34","Улсын дүн","146,360"
"Бүгд","Цалин хөлстэй ажиллагч","  30-34","Баруун бүс","13,334"
"Бүгд","Цалин хөлстэй ажиллагч","  30-34","Хангайн бүс","15,623"
"Бүгд","Цалин хөлстэй ажиллагч","  30-34","Төвийн бүс","21,551"
"Бүгд","Цалин хөлстэй ажиллагч","  30-34","Зүүн бүс","10,088"
"Бүгд","Цалин хөлстэй ажиллагч","  30-34","Улаанбаатар","85,765"
"Бүгд","Цалин хөлстэй ажиллагч","  35-39","Улсын дүн","143,408"
"Бүгд","Цалин хөлстэй ажиллагч","  35-39","Баруун бүс","12,617"
"Бүгд","Цалин хөлстэй ажиллагч","  35-39","Хангайн бүс","19,981"
"Бүгд","Цалин хөлстэй ажиллагч","  35-39","Төвийн бүс","22,269"
"Бүгд","Цалин хөлстэй ажиллагч","  35-39","Зүүн бүс","8,147"
"Бүгд","Цалин хөлстэй ажиллагч","  35-39","Улаанбаатар","80,391"
"Бүгд","Цалин хөлстэй ажиллагч","  40-44","Улсын дүн","107,669"
"Бүгд","Цалин хөлстэй ажиллагч","  40-44","Баруун бүс","9,060"
"Бүгд","Цалин хөлстэй ажиллагч","  40-44","Хангайн бүс","17,181"
"Бүгд","Цалин хөлстэй ажиллагч","  40-44","Төвийн бүс","17,613"
"Бүгд","Цалин хөлстэй ажиллагч","  40-44","Зүүн бүс","7,444"
"Бүгд","Цалин хөлстэй ажиллагч","  40-44","Улаанбаатар","56,372"
"Бүгд","Цалин хөлстэй ажиллагч","  45-49","Улсын дүн","93,274"
"Бүгд","Цалин хөлстэй ажиллагч","  45-49","Баруун бүс","7,839"
"Бүгд","Цалин хөлстэй ажиллагч","  45-49","Хангайн бүс","15,359"
"Бүгд","Цалин хөлстэй ажиллагч","  45-49","Төвийн бүс","15,070"
"Бүгд","Цалин хөлстэй ажиллагч","  45-49","Зүүн бүс","5,336"
"Бүгд","Цалин хөлстэй ажиллагч","  45-49","Улаанбаатар","49,670"
"Бүгд","Цалин хөлстэй ажиллагч","  50-54","Улсын дүн","70,604"
"Бүгд","Цалин хөлстэй ажиллагч","  50-54","Баруун бүс","7,688"
"Бүгд","Цалин хөлстэй ажиллагч","  50-54","Хангайн бүс","12,778"
"Бүгд","Цалин хөлстэй ажиллагч","  50-54","Төвийн бүс","12,412"
"Бүгд","Цалин хөлстэй ажиллагч","  50-54","Зүүн бүс","4,514"
"Бүгд","Цалин хөлстэй ажиллагч","  50-54","Улаанбаатар","33,214"
"Бүгд","Цалин хөлстэй ажиллагч","  55-59","Улсын дүн","36,489"
"Бүгд","Цалин хөлстэй ажиллагч","  55-59","Баруун бүс","3,069"
"Бүгд","Цалин хөлстэй ажиллагч","  55-59","Хангайн бүс","6,034"
"Бүгд","Цалин хөлстэй ажиллагч","  55-59","Төвийн бүс","4,420"
"Бүгд","Цалин хөлстэй ажиллагч","  55-59","Зүүн бүс","2,844"
"Бүгд","Цалин хөлстэй ажиллагч","  55-59","Улаанбаатар","20,121"
"Бүгд","Цалин хөлстэй ажиллагч","  60-64","Улсын дүн","14,682"
"Бүгд","Цалин хөлстэй ажиллагч","  60-64","Баруун бүс","677"
"Бүгд","Цалин хөлстэй ажиллагч","  60-64","Хангайн бүс","1,393"
"Бүгд","Цалин хөлстэй ажиллагч","  60-64","Төвийн бүс","1,517"
"Бүгд","Цалин хөлстэй ажиллагч","  60-64","Зүүн бүс","487"
"Бүгд","Цалин хөлстэй ажиллагч","  60-64","Улаанбаатар","10,608"
"Бүгд","Цалин хөлстэй ажиллагч","  65-69","Улсын дүн","3,638"
"Бүгд","Цалин хөлстэй ажиллагч","  65-69","Баруун бүс","70"
"Бүгд","Цалин хөлстэй ажиллагч","  65-69","Хангайн бүс","254"
"Бүгд","Цалин хөлстэй ажиллагч","  65-69","Төвийн бүс","661"
"Бүгд","Цалин хөлстэй ажиллагч","  65-69","Зүүн бүс","0"
"Бүгд","Цалин хөлстэй ажиллагч","  65-69","Улаанбаатар","2,653"
"Бүгд","Цалин хөлстэй ажиллагч","  70+","Улсын дүн","1,323"
"Бүгд","Цалин хөлстэй ажиллагч","  70+","Баруун бүс","0"
"Бүгд","Цалин хөлстэй ажиллагч","  70+","Хангайн бүс","248"
"Бүгд","Цалин хөлстэй ажиллагч","  70+","Төвийн бүс","107"
"Бүгд","Цалин хөлстэй ажиллагч","  70+","Зүүн бүс","77"
"Бүгд","Цалин хөлстэй ажиллагч","  70+","Улаанбаатар","891"
"Бүгд","Гэр бүлийн гишүүдэд хувь нэмрээ оруулагч","Бүгд","Улсын дүн","4,482"
"Бүгд","Гэр бүлийн гишүүдэд хувь нэмрээ оруулагч","Бүгд","Баруун бүс","476"
"Бүгд","Гэр бүлийн гишүүдэд хувь нэмрээ оруулагч","Бүгд","Хангайн бүс","2,930"
"Бүгд","Гэр бүлийн гишүүдэд хувь нэмрээ оруулагч","Бүгд","Төвийн бүс","796"
"Бүгд","Гэр бүлийн гишүүдэд хувь нэмрээ оруулагч","Бүгд","Зүүн бүс","41"
"Бүгд","Гэр бүлийн гишүүдэд хувь нэмрээ оруулагч","Бүгд","Улаанбаатар","240"
"Бүгд","Гэр бүлийн гишүүдэд хувь нэмрээ оруулагч","  15-19","Улсын дүн","802"
"Бүгд","Гэр бүлийн гишүүдэд хувь нэмрээ оруулагч","  15-19","Баруун бүс","105"
"Бүгд","Гэр бүлийн гишүүдэд хувь нэмрээ оруулагч","  15-19","Хангайн бүс","410"
"Бүгд","Гэр бүлийн гишүүдэд хувь нэмрээ оруулагч","  15-19","Төвийн бүс","49"
"Бүгд","Гэр бүлийн гишүүдэд хувь нэмрээ оруулагч","  15-19","Зүүн бүс","0"
"Бүгд","Гэр бүлийн гишүүдэд хувь нэмрээ оруулагч","  15-19","Улаанбаатар","240"
"Бүгд","Гэр бүлийн гишүүдэд хувь нэмрээ оруулагч","  20-24","Улсын дүн","1,307"
"Бүгд","Гэр бүлийн гишүүдэд хувь нэмрээ оруулагч","  20-24","Баруун бүс","136"
"Бүгд","Гэр бүлийн гишүүдэд хувь нэмрээ оруулагч","  20-24","Хангайн бүс","1,115"
"Бүгд","Гэр бүлийн гишүүдэд хувь нэмрээ оруулагч","  20-24","Төвийн бүс","56"
"Бүгд","Гэр бүлийн гишүүдэд хувь нэмрээ оруулагч","  20-24","Зүүн бүс","0"
"Бүгд","Гэр бүлийн гишүүдэд хувь нэмрээ оруулагч","  20-24","Улаанбаатар","0"
"Бүгд","Гэр бүлийн гишүүдэд хувь нэмрээ оруулагч","  25-29","Улсын дүн","869"
"Бүгд","Гэр бүлийн гишүүдэд хувь нэмрээ оруулагч","  25-29","Баруун бүс","123"
"Бүгд","Гэр бүлийн гишүүдэд хувь нэмрээ оруулагч","  25-29","Хангайн бүс","355"
"Бүгд","Гэр бүлийн гишүүдэд хувь нэмрээ оруулагч","  25-29","Төвийн бүс","391"
"Бүгд","Гэр бүлийн гишүүдэд хувь нэмрээ оруулагч","  25-29","Зүүн бүс","0"
"Бүгд","Гэр бүлийн гишүүдэд хувь нэмрээ оруулагч","  25-29","Улаанбаатар","0"
"Бүгд","Гэр бүлийн гишүүдэд хувь нэмрээ оруулагч","  30-34","Улсын дүн","233"
"Бүгд","Гэр бүлийн гишүүдэд хувь нэмрээ оруулагч","  30-34","Баруун бүс","0"
"Бүгд","Гэр бүлийн гишүүдэд хувь нэмрээ оруулагч","  30-34","Хангайн бүс","40"
"Бүгд","Гэр бүлийн гишүүдэд хувь нэмрээ оруулагч","  30-34","Төвийн бүс","194"
"Бүгд","Гэр бүлийн гишүүдэд хувь нэмрээ оруулагч","  30-34","Зүүн бүс","0"
"Бүгд","Гэр бүлийн гишүүдэд хувь нэмрээ оруулагч","  30-34","Улаанбаатар","0"
"Бүгд","Гэр бүлийн гишүүдэд хувь нэмрээ оруулагч","  35-39","Улсын дүн","470"
"Бүгд","Гэр бүлийн гишүүдэд хувь нэмрээ оруулагч","  35-39","Баруун бүс","62"
"Бүгд","Гэр бүлийн гишүүдэд хувь нэмрээ оруулагч","  35-39","Хангайн бүс","407"
"Бүгд","Гэр бүлийн гишүүдэд хувь нэмрээ оруулагч","  35-39","Төвийн бүс","0"
"Бүгд","Гэр бүлийн гишүүдэд хувь нэмрээ оруулагч","  35-39","Зүүн бүс","0"
"Бүгд","Гэр бүлийн гишүүдэд хувь нэмрээ оруулагч","  35-39","Улаанбаатар","0"
"Бүгд","Гэр бүлийн гишүүдэд хувь нэмрээ оруулагч","  40-44","Улсын дүн","425"
"Бүгд","Гэр бүлийн гишүүдэд хувь нэмрээ оруулагч","  40-44","Баруун бүс","0"
"Бүгд","Гэр бүлийн гишүүдэд хувь нэмрээ оруулагч","  40-44","Хангайн бүс","319"
"Бүгд","Гэр бүлийн гишүүдэд хувь нэмрээ оруулагч","  40-44","Төвийн бүс","106"
"Бүгд","Гэр бүлийн гишүүдэд хувь нэмрээ оруулагч","  40-44","Зүүн бүс","0"
"Бүгд","Гэр бүлийн гишүүдэд хувь нэмрээ оруулагч","  40-44","Улаанбаатар","0"
"Бүгд","Гэр бүлийн гишүүдэд хувь нэмрээ оруулагч","  45-49","Улсын дүн","183"
"Бүгд","Гэр бүлийн гишүүдэд хувь нэмрээ оруулагч","  45-49","Баруун бүс","26"
"Бүгд","Гэр бүлийн гишүүдэд хувь нэмрээ оруулагч","  45-49","Хангайн бүс","157"
"Бүгд","Гэр бүлийн гишүүдэд хувь нэмрээ оруулагч","  45-49","Төвийн бүс","0"
"Бүгд","Гэр бүлийн гишүүдэд хувь нэмрээ оруулагч","  45-49","Зүүн бүс","0"
"Бүгд","Гэр бүлийн гишүүдэд хувь нэмрээ оруулагч","  45-49","Улаанбаатар","0"
"Бүгд","Гэр бүлийн гишүүдэд хувь нэмрээ оруулагч","  50-54","Улсын дүн","25"
"Бүгд","Гэр бүлийн гишүүдэд хувь нэмрээ оруулагч","  50-54","Баруун бүс","25"
"Бүгд","Гэр бүлийн гишүүдэд хувь нэмрээ оруулагч","  50-54","Хангайн бүс","0"
"Бүгд","Гэр бүлийн гишүүдэд хувь нэмрээ оруулагч","  50-54","Төвийн бүс","0"
"Бүгд","Гэр бүлийн гишүүдэд хувь нэмрээ оруулагч","  50-54","Зүүн бүс","0"
"Бүгд","Гэр бүлийн гишүүдэд хувь нэмрээ оруулагч","  50-54","Улаанбаатар","0"
"Бүгд","Гэр бүлийн гишүүдэд хувь нэмрээ оруулагч","  55-59","Улсын дүн","168"
"Бүгд","Гэр бүлийн гишүүдэд хувь нэмрээ оруулагч","  55-59","Баруун бүс","0"
"Бүгд","Гэр бүлийн гишүүдэд хувь нэмрээ оруулагч","  55-59","Хангайн бүс","127"
"Бүгд","Гэр бүлийн гишүүдэд хувь нэмрээ оруулагч","  55-59","Төвийн бүс","0"
"Бүгд","Гэр бүлийн гишүүдэд хувь нэмрээ оруулагч","  55-59","Зүүн бүс","41"
"Бүгд","Гэр бүлийн гишүүдэд хувь нэмрээ оруулагч","  55-59","Улаанбаатар","0"
"Бүгд","Гэр бүлийн гишүүдэд хувь нэмрээ оруулагч","  60-64","Улсын дүн","0"
"Бүгд","Гэр бүлийн гишүүдэд хувь нэмрээ оруулагч","  60-64","Баруун бүс","0"
"Бүгд","Гэр бүлийн гишүүдэд хувь нэмрээ оруулагч","  60-64","Хангайн бүс","0"
"Бүгд","Гэр бүлийн гишүүдэд хувь нэмрээ оруулагч","  60-64","Төвийн бүс","0"
"Бүгд","Гэр бүлийн гишүүдэд хувь нэмрээ оруулагч","  60-64","Зүүн бүс","0"
"Бүгд","Гэр бүлийн гишүүдэд хувь нэмрээ оруулагч","  60-64","Улаанбаатар","0"
"Бүгд","Гэр бүлийн гишүүдэд хувь нэмрээ оруулагч","  65-69","Улсын дүн","0"
"Бүгд","Гэр бүлийн гишүүдэд хувь нэмрээ оруулагч","  65-69","Баруун бүс","0"
"Бүгд","Гэр бүлийн гишүүдэд хувь нэмрээ оруулагч","  65-69","Хангайн бүс","0"
"Бүгд","Гэр бүлийн гишүүдэд хувь нэмрээ оруулагч","  65-69","Төвийн бүс","0"
"Бүгд","Гэр бүлийн гишүүдэд хувь нэмрээ оруулагч","  65-69","Зүүн бүс","0"
"Бүгд","Гэр бүлийн гишүүдэд хувь нэмрээ оруулагч","  65-69","Улаанбаатар","0"
"Бүгд","Гэр бүлийн гишүүдэд хувь нэмрээ оруулагч","  70+","Улсын дүн","0"
"Бүгд","Гэр бүлийн гишүүдэд хувь нэмрээ оруулагч","  70+","Баруун бүс","0"
"Бүгд","Гэр бүлийн гишүүдэд хувь нэмрээ оруулагч","  70+","Хангайн бүс","0"
"Бүгд","Гэр бүлийн гишүүдэд хувь нэмрээ оруулагч","  70+","Төвийн бүс","0"
"Бүгд","Гэр бүлийн гишүүдэд хувь нэмрээ оруулагч","  70+","Зүүн бүс","0"
"Бүгд","Гэр бүлийн гишүүдэд хувь нэмрээ оруулагч","  70+","Улаанбаатар","0"
"Бүгд","Эдгээр статуст хамрагдаагүй ажиллагчид","Бүгд","Улсын дүн","0"
"Бүгд","Эдгээр статуст хамрагдаагүй ажиллагчид","Бүгд","Баруун бүс","0"
"Бүгд","Эдгээр статуст хамрагдаагүй ажиллагчид","Бүгд","Хангайн бүс","0"
"Бүгд","Эдгээр статуст хамрагдаагүй ажиллагчид","Бүгд","Төвийн бүс","0"
"Бүгд","Эдгээр статуст хамрагдаагүй ажиллагчид","Бүгд","Зүүн бүс","0"
"Бүгд","Эдгээр статуст хамрагдаагүй ажиллагчид","Бүгд","Улаанбаатар","0"
"Бүгд","Эдгээр статуст хамрагдаагүй ажиллагчид","  15-19","Улсын дүн","0"
"Бүгд","Эдгээр статуст хамрагдаагүй ажиллагчид","  15-19","Баруун бүс","0"
"Бүгд","Эдгээр статуст хамрагдаагүй ажиллагчид","  15-19","Хангайн бүс","0"
"Бүгд","Эдгээр статуст хамрагдаагүй ажиллагчид","  15-19","Төвийн бүс","0"
"Бүгд","Эдгээр статуст хамрагдаагүй ажиллагчид","  15-19","Зүүн бүс","0"
"Бүгд","Эдгээр статуст хамрагдаагүй ажиллагчид","  15-19","Улаанбаатар","0"
"Бүгд","Эдгээр статуст хамрагдаагүй ажиллагчид","  20-24","Улсын дүн","0"
"Бүгд","Эдгээр статуст хамрагдаагүй ажиллагчид","  20-24","Баруун бүс","0"
"Бүгд","Эдгээр статуст хамрагдаагүй ажиллагчид","  20-24","Хангайн бүс","0"
"Бүгд","Эдгээр статуст хамрагдаагүй ажиллагчид","  20-24","Төвийн бүс","0"
"Бүгд","Эдгээр статуст хамрагдаагүй ажиллагчид","  20-24","Зүүн бүс","0"
"Бүгд","Эдгээр статуст хамрагдаагүй ажиллагчид","  20-24","Улаанбаатар","0"
"Бүгд","Эдгээр статуст хамрагдаагүй ажиллагчид","  25-29","Улсын дүн","0"
"Бүгд","Эдгээр статуст хамрагдаагүй ажиллагчид","  25-29","Баруун бүс","0"
"Бүгд","Эдгээр статуст хамрагдаагүй ажиллагчид","  25-29","Хангайн бүс","0"
"Бүгд","Эдгээр статуст хамрагдаагүй ажиллагчид","  25-29","Төвийн бүс","0"
"Бүгд","Эдгээр статуст хамрагдаагүй ажиллагчид","  25-29","Зүүн бүс","0"
"Бүгд","Эдгээр статуст хамрагдаагүй ажиллагчид","  25-29","Улаанбаатар","0"
"Бүгд","Эдгээр статуст хамрагдаагүй ажиллагчид","  30-34","Улсын дүн","0"
"Бүгд","Эдгээр статуст хамрагдаагүй ажиллагчид","  30-34","Баруун бүс","0"
"Бүгд","Эдгээр статуст хамрагдаагүй ажиллагчид","  30-34","Хангайн бүс","0"
"Бүгд","Эдгээр статуст хамрагдаагүй ажиллагчид","  30-34","Төвийн бүс","0"
"Бүгд","Эдгээр статуст хамрагдаагүй ажиллагчид","  30-34","Зүүн бүс","0"
"Бүгд","Эдгээр статуст хамрагдаагүй ажиллагчид","  30-34","Улаанбаатар","0"
"Бүгд","Эдгээр статуст хамрагдаагүй ажиллагчид","  35-39","Улсын дүн","0"
"Бүгд","Эдгээр статуст хамрагдаагүй ажиллагчид","  35-39","Баруун бүс","0"
"Бүгд","Эдгээр статуст хамрагдаагүй ажиллагчид","  35-39","Хангайн бүс","0"
"Бүгд","Эдгээр статуст хамрагдаагүй ажиллагчид","  35-39","Төвийн бүс","0"
"Бүгд","Эдгээр статуст хамрагдаагүй ажиллагчид","  35-39","Зүүн бүс","0"
"Бүгд","Эдгээр статуст хамрагдаагүй ажиллагчид","  35-39","Улаанбаатар","0"
"Бүгд","Эдгээр статуст хамрагдаагүй ажиллагчид","  40-44","Улсын дүн","0"
"Бүгд","Эдгээр статуст хамрагдаагүй ажиллагчид","  40-44","Баруун бүс","0"
"Бүгд","Эдгээр статуст хамрагдаагүй ажиллагчид","  40-44","Хангайн бүс","0"
"Бүгд","Эдгээр статуст хамрагдаагүй ажиллагчид","  40-44","Төвийн бүс","0"
"Бүгд","Эдгээр статуст хамрагдаагүй ажиллагчид","  40-44","Зүүн бүс","0"
"Бүгд","Эдгээр статуст хамрагдаагүй ажиллагчид","  40-44","Улаанбаатар","0"
"Бүгд","Эдгээр статуст хамрагдаагүй ажиллагчид","  45-49","Улсын дүн","0"
"Бүгд","Эдгээр статуст хамрагдаагүй ажиллагчид","  45-49","Баруун бүс","0"
"Бүгд","Эдгээр статуст хамрагдаагүй ажиллагчид","  45-49","Хангайн бүс","0"
"Бүгд","Эдгээр статуст хамрагдаагүй ажиллагчид","  45-49","Төвийн бүс","0"
"Бүгд","Эдгээр статуст хамрагдаагүй ажиллагчид","  45-49","Зүүн бүс","0"
"Бүгд","Эдгээр статуст хамрагдаагүй ажиллагчид","  45-49","Улаанбаатар","0"
"Бүгд","Эдгээр статуст хамрагдаагүй ажиллагчид","  50-54","Улсын дүн","0"
"Бүгд","Эдгээр статуст хамрагдаагүй ажиллагчид","  50-54","Баруун бүс","0"
"Бүгд","Эдгээр статуст хамрагдаагүй ажиллагчид","  50-54","Хангайн бүс","0"
"Бүгд","Эдгээр статуст хамрагдаагүй ажиллагчид","  50-54","Төвийн бүс","0"
"Бүгд","Эдгээр статуст хамрагдаагүй ажиллагчид","  50-54","Зүүн бүс","0"
"Бүгд","Эдгээр статуст хамрагдаагүй ажиллагчид","  50-54","Улаанбаатар","0"
"Бүгд","Эдгээр статуст хамрагдаагүй ажиллагчид","  55-59","Улсын дүн","0"
"Бүгд","Эдгээр статуст хамрагдаагүй ажиллагчид","  55-59","Баруун бүс","0"
"Бүгд","Эдгээр статуст хамрагдаагүй ажиллагчид","  55-59","Хангайн бүс","0"
"Бүгд","Эдгээр статуст хамрагдаагүй ажиллагчид","  55-59","Төвийн бүс","0"
"Бүгд","Эдгээр статуст хамрагдаагүй ажиллагчид","  55-59","Зүүн бүс","0"
"Бүгд","Эдгээр статуст хамрагдаагүй ажиллагчид","  55-59","Улаанбаатар","0"
"Бүгд","Эдгээр статуст хамрагдаагүй ажиллагчид","  60-64","Улсын дүн","0"
"Бүгд","Эдгээр статуст хамрагдаагүй ажиллагчид","  60-64","Баруун бүс","0"
"Бүгд","Эдгээр статуст хамрагдаагүй ажиллагчид","  60-64","Хангайн бүс","0"
"Бүгд","Эдгээр статуст хамрагдаагүй ажиллагчид","  60-64","Төвийн бүс","0"
"Бүгд","Эдгээр статуст хамрагдаагүй ажиллагчид","  60-64","Зүүн бүс","0"
"Бүгд","Эдгээр статуст хамрагдаагүй ажиллагчид","  60-64","Улаанбаатар","0"
"Бүгд","Эдгээр статуст хамрагдаагүй ажиллагчид","  65-69","Улсын дүн","0"
"Бүгд","Эдгээр статуст хамрагдаагүй ажиллагчид","  65-69","Баруун бүс","0"
"Бүгд","Эдгээр статуст хамрагдаагүй ажиллагчид","  65-69","Хангайн бүс","0"
"Бүгд","Эдгээр статуст хамрагдаагүй ажиллагчид","  65-69","Төвийн бүс","0"
"Бүгд","Эдгээр статуст хамрагдаагүй ажиллагчид","  65-69","Зүүн бүс","0"
"Бүгд","Эдгээр статуст хамрагдаагүй ажиллагчид","  65-69","Улаанбаатар","0"
"Бүгд","Эдгээр статуст хамрагдаагүй ажиллагчид","  70+","Улсын дүн","0"
"Бүгд","Эдгээр статуст хамрагдаагүй ажиллагчид","  70+","Баруун бүс","0"
"Бүгд","Эдгээр статуст хамрагдаагүй ажиллагчид","  70+","Хангайн бүс","0"
"Бүгд","Эдгээр статуст хамрагдаагүй ажиллагчид","  70+","Төвийн бүс","0"
"Бүгд","Эдгээр статуст хамрагдаагүй ажиллагчид","  70+","Зүүн бүс","0"
"Бүгд","Эдгээр статуст хамрагдаагүй ажиллагчид","  70+","Улаанбаатар","0"
"Эрэгтэй","Ажил олгогч","Бүгд","Улсын дүн","29,223"
"Эрэгтэй","Ажил олгогч","Бүгд","Баруун бүс","2,594"
"Эрэгтэй","Ажил олгогч","Бүгд","Хангайн бүс","4,383"
"Эрэгтэй","Ажил олгогч","Бүгд","Төвийн бүс","3,203"
"Эрэгтэй","Ажил олгогч","Бүгд","Зүүн бүс","2,153"
"Эрэгтэй","Ажил олгогч","Бүгд","Улаанбаатар","16,890"
"Эрэгтэй","Ажил олгогч","  15-19","Улсын дүн","42"
"Эрэгтэй","Ажил олгогч","  15-19","Баруун бүс","0"
"Эрэгтэй","Ажил олгогч","  15-19","Хангайн бүс","0"
"Эрэгтэй","Ажил олгогч","  15-19","Төвийн бүс","42"
"Эрэгтэй","Ажил олгогч","  15-19","Зүүн бүс","0"
"Эрэгтэй","Ажил олгогч","  15-19","Улаанбаатар","0"
"Эрэгтэй","Ажил олгогч","  20-24","Улсын дүн","351"
"Эрэгтэй","Ажил олгогч","  20-24","Баруун бүс","37"
"Эрэгтэй","Ажил олгогч","  20-24","Хангайн бүс","224"
"Эрэгтэй","Ажил олгогч","  20-24","Төвийн бүс","0"
"Эрэгтэй","Ажил олгогч","  20-24","Зүүн бүс","36"
"Эрэгтэй","Ажил олгогч","  20-24","Улаанбаатар","53"
"Эрэгтэй","Ажил олгогч","  25-29","Улсын дүн","3,190"
"Эрэгтэй","Ажил олгогч","  25-29","Баруун бүс","378"
"Эрэгтэй","Ажил олгогч","  25-29","Хангайн бүс","711"
"Эрэгтэй","Ажил олгогч","  25-29","Төвийн бүс","226"
"Эрэгтэй","Ажил олгогч","  25-29","Зүүн бүс","0"
"Эрэгтэй","Ажил олгогч","  25-29","Улаанбаатар","1,874"
"Эрэгтэй","Ажил олгогч","  30-34","Улсын дүн","3,988"
"Эрэгтэй","Ажил олгогч","  30-34","Баруун бүс","13"
"Эрэгтэй","Ажил олгогч","  30-34","Хангайн бүс","223"
"Эрэгтэй","Ажил олгогч","  30-34","Төвийн бүс","205"
"Эрэгтэй","Ажил олгогч","  30-34","Зүүн бүс","488"
"Эрэгтэй","Ажил олгогч","  30-34","Улаанбаатар","3,058"
"Эрэгтэй","Ажил олгогч","  35-39","Улсын дүн","4,511"
"Эрэгтэй","Ажил олгогч","  35-39","Баруун бүс","187"
"Эрэгтэй","Ажил олгогч","  35-39","Хангайн бүс","298"
"Эрэгтэй","Ажил олгогч","  35-39","Төвийн бүс","452"
"Эрэгтэй","Ажил олгогч","  35-39","Зүүн бүс","314"
"Эрэгтэй","Ажил олгогч","  35-39","Улаанбаатар","3,260"
"Эрэгтэй","Ажил олгогч","  40-44","Улсын дүн","6,585"
"Эрэгтэй","Ажил олгогч","  40-44","Баруун бүс","892"
"Эрэгтэй","Ажил олгогч","  40-44","Хангайн бүс","512"
"Эрэгтэй","Ажил олгогч","  40-44","Төвийн бүс","512"
"Эрэгтэй","Ажил олгогч","  40-44","Зүүн бүс","190"
"Эрэгтэй","Ажил олгогч","  40-44","Улаанбаатар","4,479"
"Эрэгтэй","Ажил олгогч","  45-49","Улсын дүн","3,968"
"Эрэгтэй","Ажил олгогч","  45-49","Баруун бүс","441"
"Эрэгтэй","Ажил олгогч","  45-49","Хангайн бүс","932"
"Эрэгтэй","Ажил олгогч","  45-49","Төвийн бүс","568"
"Эрэгтэй","Ажил олгогч","  45-49","Зүүн бүс","485"
"Эрэгтэй","Ажил олгогч","  45-49","Улаанбаатар","1,542"
"Эрэгтэй","Ажил олгогч","  50-54","Улсын дүн","2,392"
"Эрэгтэй","Ажил олгогч","  50-54","Баруун бүс","331"
"Эрэгтэй","Ажил олгогч","  50-54","Хангайн бүс","635"
"Эрэгтэй","Ажил олгогч","  50-54","Төвийн бүс","96"
"Эрэгтэй","Ажил олгогч","  50-54","Зүүн бүс","445"
"Эрэгтэй","Ажил олгогч","  50-54","Улаанбаатар","887"
"Эрэгтэй","Ажил олгогч","  55-59","Улсын дүн","2,785"
"Эрэгтэй","Ажил олгогч","  55-59","Баруун бүс","44"
"Эрэгтэй","Ажил олгогч","  55-59","Хангайн бүс","256"
"Эрэгтэй","Ажил олгогч","  55-59","Төвийн бүс","821"
"Эрэгтэй","Ажил олгогч","  55-59","Зүүн бүс","94"
"Эрэгтэй","Ажил олгогч","  55-59","Улаанбаатар","1,569"
"Эрэгтэй","Ажил олгогч","  60-64","Улсын дүн","994"
"Эрэгтэй","Ажил олгогч","  60-64","Баруун бүс","76"
"Эрэгтэй","Ажил олгогч","  60-64","Хангайн бүс","549"
"Эрэгтэй","Ажил олгогч","  60-64","Төвийн бүс","184"
"Эрэгтэй","Ажил олгогч","  60-64","Зүүн бүс","19"
"Эрэгтэй","Ажил олгогч","  60-64","Улаанбаатар","167"
"Эрэгтэй","Ажил олгогч","  65-69","Улсын дүн","139"
"Эрэгтэй","Ажил олгогч","  65-69","Баруун бүс","0"
"Эрэгтэй","Ажил олгогч","  65-69","Хангайн бүс","0"
"Эрэгтэй","Ажил олгогч","  65-69","Төвийн бүс","58"
"Эрэгтэй","Ажил олгогч","  65-69","Зүүн бүс","81"
"Эрэгтэй","Ажил олгогч","  65-69","Улаанбаатар","0"
"Эрэгтэй","Ажил олгогч","  70+","Улсын дүн","277"
"Эрэгтэй","Ажил олгогч","  70+","Баруун бүс","196"
"Эрэгтэй","Ажил олгогч","  70+","Хангайн бүс","43"
"Эрэгтэй","Ажил олгогч","  70+","Төвийн бүс","38"
"Эрэгтэй","Ажил олгогч","  70+","Зүүн бүс","0"
"Эрэгтэй","Ажил олгогч","  70+","Улаанбаатар","0"
"Эрэгтэй","Цалин хөлстэй ажиллагчгүй бие даасан ажиллагч","Бүгд","Улсын дүн","280,994"
"Эрэгтэй","Цалин хөлстэй ажиллагчгүй бие даасан ажиллагч","Бүгд","Баруун бүс","57,315"
"Эрэгтэй","Цалин хөлстэй ажиллагчгүй бие даасан ажиллагч","Бүгд","Хангайн бүс","73,682"
"Эрэгтэй","Цалин хөлстэй ажиллагчгүй бие даасан ажиллагч","Бүгд","Төвийн бүс","41,605"
"Эрэгтэй","Цалин хөлстэй ажиллагчгүй бие даасан ажиллагч","Бүгд","Зүүн бүс","30,241"
"Эрэгтэй","Цалин хөлстэй ажиллагчгүй бие даасан ажиллагч","Бүгд","Улаанбаатар","78,151"
"Эрэгтэй","Цалин хөлстэй ажиллагчгүй бие даасан ажиллагч","  15-19","Улсын дүн","5,788"
"Эрэгтэй","Цалин хөлстэй ажиллагчгүй бие даасан ажиллагч","  15-19","Баруун бүс","1,314"
"Эрэгтэй","Цалин хөлстэй ажиллагчгүй бие даасан ажиллагч","  15-19","Хангайн бүс","3,009"
"Эрэгтэй","Цалин хөлстэй ажиллагчгүй бие даасан ажиллагч","  15-19","Төвийн бүс","370"
"Эрэгтэй","Цалин хөлстэй ажиллагчгүй бие даасан ажиллагч","  15-19","Зүүн бүс","939"
"Эрэгтэй","Цалин хөлстэй ажиллагчгүй бие даасан ажиллагч","  15-19","Улаанбаатар","156"
"Эрэгтэй","Цалин хөлстэй ажиллагчгүй бие даасан ажиллагч","  20-24","Улсын дүн","17,079"
"Эрэгтэй","Цалин хөлстэй ажиллагчгүй бие даасан ажиллагч","  20-24","Баруун бүс","4,027"
"Эрэгтэй","Цалин хөлстэй ажиллагчгүй бие даасан ажиллагч","  20-24","Хангайн бүс","4,923"
"Эрэгтэй","Цалин хөлстэй ажиллагчгүй бие даасан ажиллагч","  20-24","Төвийн бүс","2,352"
"Эрэгтэй","Цалин хөлстэй ажиллагчгүй бие даасан ажиллагч","  20-24","Зүүн бүс","2,142"
"Эрэгтэй","Цалин хөлстэй ажиллагчгүй бие даасан ажиллагч","  20-24","Улаанбаатар","3,634"
"Эрэгтэй","Цалин хөлстэй ажиллагчгүй бие даасан ажиллагч","  25-29","Улсын дүн","27,067"
"Эрэгтэй","Цалин хөлстэй ажиллагчгүй бие даасан ажиллагч","  25-29","Баруун бүс","6,980"
"Эрэгтэй","Цалин хөлстэй ажиллагчгүй бие даасан ажиллагч","  25-29","Хангайн бүс","8,663"
"Эрэгтэй","Цалин хөлстэй ажиллагчгүй бие даасан ажиллагч","  25-29","Төвийн бүс","3,027"
"Эрэгтэй","Цалин хөлстэй ажиллагчгүй бие даасан ажиллагч","  25-29","Зүүн бүс","3,612"
"Эрэгтэй","Цалин хөлстэй ажиллагчгүй бие даасан ажиллагч","  25-29","Улаанбаатар","4,785"
"Эрэгтэй","Цалин хөлстэй ажиллагчгүй бие даасан ажиллагч","  30-34","Улсын дүн","34,248"
"Эрэгтэй","Цалин хөлстэй ажиллагчгүй бие даасан ажиллагч","  30-34","Баруун бүс","5,963"
"Эрэгтэй","Цалин хөлстэй ажиллагчгүй бие даасан ажиллагч","  30-34","Хангайн бүс","7,028"
"Эрэгтэй","Цалин хөлстэй ажиллагчгүй бие даасан ажиллагч","  30-34","Төвийн бүс","6,589"
"Эрэгтэй","Цалин хөлстэй ажиллагчгүй бие даасан ажиллагч","  30-34","Зүүн бүс","4,511"
"Эрэгтэй","Цалин хөлстэй ажиллагчгүй бие даасан ажиллагч","  30-34","Улаанбаатар","10,159"
"Эрэгтэй","Цалин хөлстэй ажиллагчгүй бие даасан ажиллагч","  35-39","Улсын дүн","40,744"
"Эрэгтэй","Цалин хөлстэй ажиллагчгүй бие даасан ажиллагч","  35-39","Баруун бүс","8,455"
"Эрэгтэй","Цалин хөлстэй ажиллагчгүй бие даасан ажиллагч","  35-39","Хангайн бүс","9,613"
"Эрэгтэй","Цалин хөлстэй ажиллагчгүй бие даасан ажиллагч","  35-39","Төвийн бүс","5,442"
"Эрэгтэй","Цалин хөлстэй ажиллагчгүй бие даасан ажиллагч","  35-39","Зүүн бүс","3,174"
"Эрэгтэй","Цалин хөлстэй ажиллагчгүй бие даасан ажиллагч","  35-39","Улаанбаатар","14,062"
"Эрэгтэй","Цалин хөлстэй ажиллагчгүй бие даасан ажиллагч","  40-44","Улсын дүн","44,087"
"Эрэгтэй","Цалин хөлстэй ажиллагчгүй бие даасан ажиллагч","  40-44","Баруун бүс","9,033"
"Эрэгтэй","Цалин хөлстэй ажиллагчгүй бие даасан ажиллагч","  40-44","Хангайн бүс","10,532"
"Эрэгтэй","Цалин хөлстэй ажиллагчгүй бие даасан ажиллагч","  40-44","Төвийн бүс","7,156"
"Эрэгтэй","Цалин хөлстэй ажиллагчгүй бие даасан ажиллагч","  40-44","Зүүн бүс","3,884"
"Эрэгтэй","Цалин хөлстэй ажиллагчгүй бие даасан ажиллагч","  40-44","Улаанбаатар","13,481"
"Эрэгтэй","Цалин хөлстэй ажиллагчгүй бие даасан ажиллагч","  45-49","Улсын дүн","39,554"
"Эрэгтэй","Цалин хөлстэй ажиллагчгүй бие даасан ажиллагч","  45-49","Баруун бүс","7,509"
"Эрэгтэй","Цалин хөлстэй ажиллагчгүй бие даасан ажиллагч","  45-49","Хангайн бүс","9,446"
"Эрэгтэй","Цалин хөлстэй ажиллагчгүй бие даасан ажиллагч","  45-49","Төвийн бүс","5,760"
"Эрэгтэй","Цалин хөлстэй ажиллагчгүй бие даасан ажиллагч","  45-49","Зүүн бүс","4,164"
"Эрэгтэй","Цалин хөлстэй ажиллагчгүй бие даасан ажиллагч","  45-49","Улаанбаатар","12,676"
"Эрэгтэй","Цалин хөлстэй ажиллагчгүй бие даасан ажиллагч","  50-54","Улсын дүн","33,216"
"Эрэгтэй","Цалин хөлстэй ажиллагчгүй бие даасан ажиллагч","  50-54","Баруун бүс","6,354"
"Эрэгтэй","Цалин хөлстэй ажиллагчгүй бие даасан ажиллагч","  50-54","Хангайн бүс","8,657"
"Эрэгтэй","Цалин хөлстэй ажиллагчгүй бие даасан ажиллагч","  50-54","Төвийн бүс","5,261"
"Эрэгтэй","Цалин хөлстэй ажиллагчгүй бие даасан ажиллагч","  50-54","Зүүн бүс","3,305"
"Эрэгтэй","Цалин хөлстэй ажиллагчгүй бие даасан ажиллагч","  50-54","Улаанбаатар","9,641"
"Эрэгтэй","Цалин хөлстэй ажиллагчгүй бие даасан ажиллагч","  55-59","Улсын дүн","21,134"
"Эрэгтэй","Цалин хөлстэй ажиллагчгүй бие даасан ажиллагч","  55-59","Баруун бүс","4,045"
"Эрэгтэй","Цалин хөлстэй ажиллагчгүй бие даасан ажиллагч","  55-59","Хангайн бүс","5,717"
"Эрэгтэй","Цалин хөлстэй ажиллагчгүй бие даасан ажиллагч","  55-59","Төвийн бүс","3,062"
"Эрэгтэй","Цалин хөлстэй ажиллагчгүй бие даасан ажиллагч","  55-59","Зүүн бүс","2,674"
"Эрэгтэй","Цалин хөлстэй ажиллагчгүй бие даасан ажиллагч","  55-59","Улаанбаатар","5,637"
"Эрэгтэй","Цалин хөлстэй ажиллагчгүй бие даасан ажиллагч","  60-64","Улсын дүн","10,722"
"Эрэгтэй","Цалин хөлстэй ажиллагчгүй бие даасан ажиллагч","  60-64","Баруун бүс","2,153"
"Эрэгтэй","Цалин хөлстэй ажиллагчгүй бие даасан ажиллагч","  60-64","Хангайн бүс","3,355"
"Эрэгтэй","Цалин хөлстэй ажиллагчгүй бие даасан ажиллагч","  60-64","Төвийн бүс","938"
"Эрэгтэй","Цалин хөлстэй ажиллагчгүй бие даасан ажиллагч","  60-64","Зүүн бүс","1,121"
"Эрэгтэй","Цалин хөлстэй ажиллагчгүй бие даасан ажиллагч","  60-64","Улаанбаатар","3,154"
"Эрэгтэй","Цалин хөлстэй ажиллагчгүй бие даасан ажиллагч","  65-69","Улсын дүн","5,073"
"Эрэгтэй","Цалин хөлстэй ажиллагчгүй бие даасан ажиллагч","  65-69","Баруун бүс","792"
"Эрэгтэй","Цалин хөлстэй ажиллагчгүй бие даасан ажиллагч","  65-69","Хангайн бүс","1,793"
"Эрэгтэй","Цалин хөлстэй ажиллагчгүй бие даасан ажиллагч","  65-69","Төвийн бүс","1,151"
"Эрэгтэй","Цалин хөлстэй ажиллагчгүй бие даасан ажиллагч","  65-69","Зүүн бүс","566"
"Эрэгтэй","Цалин хөлстэй ажиллагчгүй бие даасан ажиллагч","  65-69","Улаанбаатар","770"
"Эрэгтэй","Цалин хөлстэй ажиллагчгүй бие даасан ажиллагч","  70+","Улсын дүн","2,283"
"Эрэгтэй","Цалин хөлстэй ажиллагчгүй бие даасан ажиллагч","  70+","Баруун бүс","690"
"Эрэгтэй","Цалин хөлстэй ажиллагчгүй бие даасан ажиллагч","  70+","Хангайн бүс","946"
"Эрэгтэй","Цалин хөлстэй ажиллагчгүй бие даасан ажиллагч","  70+","Төвийн бүс","499"
"Эрэгтэй","Цалин хөлстэй ажиллагчгүй бие даасан ажиллагч","  70+","Зүүн бүс","148"
"Эрэгтэй","Цалин хөлстэй ажиллагчгүй бие даасан ажиллагч","  70+","Улаанбаатар","0"
"Эрэгтэй","Гүйцэтгэх гэрээлэгч","Бүгд","Улсын дүн","2,496"
"Эрэгтэй","Гүйцэтгэх гэрээлэгч","Бүгд","Баруун бүс","374"
"Эрэгтэй","Гүйцэтгэх гэрээлэгч","Бүгд","Хангайн бүс","262"
"Эрэгтэй","Гүйцэтгэх гэрээлэгч","Бүгд","Төвийн бүс","1,558"
"Эрэгтэй","Гүйцэтгэх гэрээлэгч","Бүгд","Зүүн бүс","239"
"Эрэгтэй","Гүйцэтгэх гэрээлэгч","Бүгд","Улаанбаатар","64"
"Эрэгтэй","Гүйцэтгэх гэрээлэгч","  15-19","Улсын дүн","127"
"Эрэгтэй","Гүйцэтгэх гэрээлэгч","  15-19","Баруун бүс","0"
"Эрэгтэй","Гүйцэтгэх гэрээлэгч","  15-19","Хангайн бүс","0"
"Эрэгтэй","Гүйцэтгэх гэрээлэгч","  15-19","Төвийн бүс","127"
"Эрэгтэй","Гүйцэтгэх гэрээлэгч","  15-19","Зүүн бүс","0"
"Эрэгтэй","Гүйцэтгэх гэрээлэгч","  15-19","Улаанбаатар","0"
"Эрэгтэй","Гүйцэтгэх гэрээлэгч","  20-24","Улсын дүн","0"
"Эрэгтэй","Гүйцэтгэх гэрээлэгч","  20-24","Баруун бүс","0"
"Эрэгтэй","Гүйцэтгэх гэрээлэгч","  20-24","Хангайн бүс","0"
"Эрэгтэй","Гүйцэтгэх гэрээлэгч","  20-24","Төвийн бүс","0"
"Эрэгтэй","Гүйцэтгэх гэрээлэгч","  20-24","Зүүн бүс","0"
"Эрэгтэй","Гүйцэтгэх гэрээлэгч","  20-24","Улаанбаатар","0"
"Эрэгтэй","Гүйцэтгэх гэрээлэгч","  25-29","Улсын дүн","105"
"Эрэгтэй","Гүйцэтгэх гэрээлэгч","  25-29","Баруун бүс","105"
"Эрэгтэй","Гүйцэтгэх гэрээлэгч","  25-29","Хангайн бүс","0"
"Эрэгтэй","Гүйцэтгэх гэрээлэгч","  25-29","Төвийн бүс","0"
"Эрэгтэй","Гүйцэтгэх гэрээлэгч","  25-29","Зүүн бүс","0"
"Эрэгтэй","Гүйцэтгэх гэрээлэгч","  25-29","Улаанбаатар","0"
"Эрэгтэй","Гүйцэтгэх гэрээлэгч","  30-34","Улсын дүн","213"
"Эрэгтэй","Гүйцэтгэх гэрээлэгч","  30-34","Баруун бүс","92"
"Эрэгтэй","Гүйцэтгэх гэрээлэгч","  30-34","Хангайн бүс","0"
"Эрэгтэй","Гүйцэтгэх гэрээлэгч","  30-34","Төвийн бүс","67"
"Эрэгтэй","Гүйцэтгэх гэрээлэгч","  30-34","Зүүн бүс","54"
"Эрэгтэй","Гүйцэтгэх гэрээлэгч","  30-34","Улаанбаатар","0"
"Эрэгтэй","Гүйцэтгэх гэрээлэгч","  35-39","Улсын дүн","451"
"Эрэгтэй","Гүйцэтгэх гэрээлэгч","  35-39","Баруун бүс","67"
"Эрэгтэй","Гүйцэтгэх гэрээлэгч","  35-39","Хангайн бүс","64"
"Эрэгтэй","Гүйцэтгэх гэрээлэгч","  35-39","Төвийн бүс","320"
"Эрэгтэй","Гүйцэтгэх гэрээлэгч","  35-39","Зүүн бүс","0"
"Эрэгтэй","Гүйцэтгэх гэрээлэгч","  35-39","Улаанбаатар","0"
"Эрэгтэй","Гүйцэтгэх гэрээлэгч","  40-44","Улсын дүн","184"
"Эрэгтэй","Гүйцэтгэх гэрээлэгч","  40-44","Баруун бүс","0"
"Эрэгтэй","Гүйцэтгэх гэрээлэгч","  40-44","Хангайн бүс","47"
"Эрэгтэй","Гүйцэтгэх гэрээлэгч","  40-44","Төвийн бүс","73"
"Эрэгтэй","Гүйцэтгэх гэрээлэгч","  40-44","Зүүн бүс","0"
"Эрэгтэй","Гүйцэтгэх гэрээлэгч","  40-44","Улаанбаатар","64"
"Эрэгтэй","Гүйцэтгэх гэрээлэгч","  45-49","Улсын дүн","608"
"Эрэгтэй","Гүйцэтгэх гэрээлэгч","  45-49","Баруун бүс","49"
"Эрэгтэй","Гүйцэтгэх гэрээлэгч","  45-49","Хангайн бүс","75"
"Эрэгтэй","Гүйцэтгэх гэрээлэгч","  45-49","Төвийн бүс","424"
"Эрэгтэй","Гүйцэтгэх гэрээлэгч","  45-49","Зүүн бүс","59"
"Эрэгтэй","Гүйцэтгэх гэрээлэгч","  45-49","Улаанбаатар","0"
"Эрэгтэй","Гүйцэтгэх гэрээлэгч","  50-54","Улсын дүн","229"
"Эрэгтэй","Гүйцэтгэх гэрээлэгч","  50-54","Баруун бүс","0"
"Эрэгтэй","Гүйцэтгэх гэрээлэгч","  50-54","Хангайн бүс","0"
"Эрэгтэй","Гүйцэтгэх гэрээлэгч","  50-54","Төвийн бүс","136"
"Эрэгтэй","Гүйцэтгэх гэрээлэгч","  50-54","Зүүн бүс","93"
"Эрэгтэй","Гүйцэтгэх гэрээлэгч","  50-54","Улаанбаатар","0"
"Эрэгтэй","Гүйцэтгэх гэрээлэгч","  55-59","Улсын дүн","346"
"Эрэгтэй","Гүйцэтгэх гэрээлэгч","  55-59","Баруун бүс","59"
"Эрэгтэй","Гүйцэтгэх гэрээлэгч","  55-59","Хангайн бүс","0"
"Эрэгтэй","Гүйцэтгэх гэрээлэгч","  55-59","Төвийн бүс","253"
"Эрэгтэй","Гүйцэтгэх гэрээлэгч","  55-59","Зүүн бүс","34"
"Эрэгтэй","Гүйцэтгэх гэрээлэгч","  55-59","Улаанбаатар","0"
"Эрэгтэй","Гүйцэтгэх гэрээлэгч","  60-64","Улсын дүн","102"
"Эрэгтэй","Гүйцэтгэх гэрээлэгч","  60-64","Баруун бүс","0"
"Эрэгтэй","Гүйцэтгэх гэрээлэгч","  60-64","Хангайн бүс","75"
"Эрэгтэй","Гүйцэтгэх гэрээлэгч","  60-64","Төвийн бүс","27"
"Эрэгтэй","Гүйцэтгэх гэрээлэгч","  60-64","Зүүн бүс","0"
"Эрэгтэй","Гүйцэтгэх гэрээлэгч","  60-64","Улаанбаатар","0"
"Эрэгтэй","Гүйцэтгэх гэрээлэгч","  65-69","Улсын дүн","0"
"Эрэгтэй","Гүйцэтгэх гэрээлэгч","  65-69","Баруун бүс","0"
"Эрэгтэй","Гүйцэтгэх гэрээлэгч","  65-69","Хангайн бүс","0"
"Эрэгтэй","Гүйцэтгэх гэрээлэгч","  65-69","Төвийн бүс","0"
"Эрэгтэй","Гүйцэтгэх гэрээлэгч","  65-69","Зүүн бүс","0"
"Эрэгтэй","Гүйцэтгэх гэрээлэгч","  65-69","Улаанбаатар","0"
"Эрэгтэй","Гүйцэтгэх гэрээлэгч","  70+","Улсын дүн","131"
"Эрэгтэй","Гүйцэтгэх гэрээлэгч","  70+","Баруун бүс","0"
"Эрэгтэй","Гүйцэтгэх гэрээлэгч","  70+","Хангайн бүс","0"
"Эрэгтэй","Гүйцэтгэх гэрээлэгч","  70+","Төвийн бүс","131"
"Эрэгтэй","Гүйцэтгэх гэрээлэгч","  70+","Зүүн бүс","0"
"Эрэгтэй","Гүйцэтгэх гэрээлэгч","  70+","Улаанбаатар","0"
"Эрэгтэй","Цалин хөлстэй ажиллагч","Бүгд","Улсын дүн","0"
"Эрэгтэй","Цалин хөлстэй ажиллагч","Бүгд","Баруун бүс","0"
"Эрэгтэй","Цалин хөлстэй ажиллагч","Бүгд","Хангайн бүс","0"
"Эрэгтэй","Цалин хөлстэй ажиллагч","Бүгд","Төвийн бүс","0"
"Эрэгтэй","Цалин хөлстэй ажиллагч","Бүгд","Зүүн бүс","0"
"Эрэгтэй","Цалин хөлстэй ажиллагч","Бүгд","Улаанбаатар","0"
"Эрэгтэй","Цалин хөлстэй ажиллагч","  15-19","Улсын дүн","0"
"Эрэгтэй","Цалин хөлстэй ажиллагч","  15-19","Баруун бүс","0"
"Эрэгтэй","Цалин хөлстэй ажиллагч","  15-19","Хангайн бүс","0"
"Эрэгтэй","Цалин хөлстэй ажиллагч","  15-19","Төвийн бүс","0"
"Эрэгтэй","Цалин хөлстэй ажиллагч","  15-19","Зүүн бүс","0"
"Эрэгтэй","Цалин хөлстэй ажиллагч","  15-19","Улаанбаатар","0"
"Эрэгтэй","Цалин хөлстэй ажиллагч","  20-24","Улсын дүн","0"
"Эрэгтэй","Цалин хөлстэй ажиллагч","  20-24","Баруун бүс","0"
"Эрэгтэй","Цалин хөлстэй ажиллагч","  20-24","Хангайн бүс","0"
"Эрэгтэй","Цалин хөлстэй ажиллагч","  20-24","Төвийн бүс","0"
"Эрэгтэй","Цалин хөлстэй ажиллагч","  20-24","Зүүн бүс","0"
"Эрэгтэй","Цалин хөлстэй ажиллагч","  20-24","Улаанбаатар","0"
"Эрэгтэй","Цалин хөлстэй ажиллагч","  25-29","Улсын дүн","0"
"Эрэгтэй","Цалин хөлстэй ажиллагч","  25-29","Баруун бүс","0"
"Эрэгтэй","Цалин хөлстэй ажиллагч","  25-29","Хангайн бүс","0"
"Эрэгтэй","Цалин хөлстэй ажиллагч","  25-29","Төвийн бүс","0"
"Эрэгтэй","Цалин хөлстэй ажиллагч","  25-29","Зүүн бүс","0"
"Эрэгтэй","Цалин хөлстэй ажиллагч","  25-29","Улаанбаатар","0"
"Эрэгтэй","Цалин хөлстэй ажиллагч","  30-34","Улсын дүн","0"
"Эрэгтэй","Цалин хөлстэй ажиллагч","  30-34","Баруун бүс","0"
"Эрэгтэй","Цалин хөлстэй ажиллагч","  30-34","Хангайн бүс","0"
"Эрэгтэй","Цалин хөлстэй ажиллагч","  30-34","Төвийн бүс","0"
"Эрэгтэй","Цалин хөлстэй ажиллагч","  30-34","Зүүн бүс","0"
"Эрэгтэй","Цалин хөлстэй ажиллагч","  30-34","Улаанбаатар","0"
"Эрэгтэй","Цалин хөлстэй ажиллагч","  35-39","Улсын дүн","0"
"Эрэгтэй","Цалин хөлстэй ажиллагч","  35-39","Баруун бүс","0"
"Эрэгтэй","Цалин хөлстэй ажиллагч","  35-39","Хангайн бүс","0"
"Эрэгтэй","Цалин хөлстэй ажиллагч","  35-39","Төвийн бүс","0"
"Эрэгтэй","Цалин хөлстэй ажиллагч","  35-39","Зүүн бүс","0"
"Эрэгтэй","Цалин хөлстэй ажиллагч","  35-39","Улаанбаатар","0"
"Эрэгтэй","Цалин хөлстэй ажиллагч","  40-44","Улсын дүн","0"
"Эрэгтэй","Цалин хөлстэй ажиллагч","  40-44","Баруун бүс","0"
"Эрэгтэй","Цалин хөлстэй ажиллагч","  40-44","Хангайн бүс","0"
"Эрэгтэй","Цалин хөлстэй ажиллагч","  40-44","Төвийн бүс","0"
"Эрэгтэй","Цалин хөлстэй ажиллагч","  40-44","Зүүн бүс","0"
"Эрэгтэй","Цалин хөлстэй ажиллагч","  40-44","Улаанбаатар","0"
"Эрэгтэй","Цалин хөлстэй ажиллагч","  45-49","Улсын дүн","0"
"Эрэгтэй","Цалин хөлстэй ажиллагч","  45-49","Баруун бүс","0"
"Эрэгтэй","Цалин хөлстэй ажиллагч","  45-49","Хангайн бүс","0"
"Эрэгтэй","Цалин хөлстэй ажиллагч","  45-49","Төвийн бүс","0"
"Эрэгтэй","Цалин хөлстэй ажиллагч","  45-49","Зүүн бүс","0"
"Эрэгтэй","Цалин хөлстэй ажиллагч","  45-49","Улаанбаатар","0"
"Эрэгтэй","Цалин хөлстэй ажиллагч","  50-54","Улсын дүн","0"
"Эрэгтэй","Цалин хөлстэй ажиллагч","  50-54","Баруун бүс","0"
"Эрэгтэй","Цалин хөлстэй ажиллагч","  50-54","Хангайн бүс","0"
"Эрэгтэй","Цалин хөлстэй ажиллагч","  50-54","Төвийн бүс","0"
"Эрэгтэй","Цалин хөлстэй ажиллагч","  50-54","Зүүн бүс","0"
"Эрэгтэй","Цалин хөлстэй ажиллагч","  50-54","Улаанбаатар","0"
"Эрэгтэй","Цалин хөлстэй ажиллагч","  55-59","Улсын дүн","0"
"Эрэгтэй","Цалин хөлстэй ажиллагч","  55-59","Баруун бүс","0"
"Эрэгтэй","Цалин хөлстэй ажиллагч","  55-59","Хангайн бүс","0"
"Эрэгтэй","Цалин хөлстэй ажиллагч","  55-59","Төвийн бүс","0"
"Эрэгтэй","Цалин хөлстэй ажиллагч","  55-59","Зүүн бүс","0"
"Эрэгтэй","Цалин хөлстэй ажиллагч","  55-59","Улаанбаатар","0"
"Эрэгтэй","Цалин хөлстэй ажиллагч","  60-64","Улсын дүн","0"
"Эрэгтэй","Цалин хөлстэй ажиллагч","  60-64","Баруун бүс","0"
"Эрэгтэй","Цалин хөлстэй ажиллагч","  60-64","Хангайн бүс","0"
"Эрэгтэй","Цалин хөлстэй ажиллагч","  60-64","Төвийн бүс","0"
"Эрэгтэй","Цалин хөлстэй ажиллагч","  60-64","Зүүн бүс","0"
"Эрэгтэй","Цалин хөлстэй ажиллагч","  60-64","Улаанбаатар","0"
"Эрэгтэй","Цалин хөлстэй ажиллагч","  65-69","Улсын дүн","0"
"Эрэгтэй","Цалин хөлстэй ажиллагч","  65-69","Баруун бүс","0"
"Эрэгтэй","Цалин хөлстэй ажиллагч","  65-69","Хангайн бүс","0"
"Эрэгтэй","Цалин хөлстэй ажиллагч","  65-69","Төвийн бүс","0"
"Эрэгтэй","Цалин хөлстэй ажиллагч","  65-69","Зүүн бүс","0"
"Эрэгтэй","Цалин хөлстэй ажиллагч","  65-69","Улаанбаатар","0"
"Эрэгтэй","Цалин хөлстэй ажиллагч","  70+","Улсын дүн","0"
"Эрэгтэй","Цалин хөлстэй ажиллагч","  70+","Баруун бүс","0"
"Эрэгтэй","Цалин хөлстэй ажиллагч","  70+","Хангайн бүс","0"
"Эрэгтэй","Цалин хөлстэй ажиллагч","  70+","Төвийн бүс","0"
"Эрэгтэй","Цалин хөлстэй ажиллагч","  70+","Зүүн бүс","0"
"Эрэгтэй","Цалин хөлстэй ажиллагч","  70+","Улаанбаатар","0"
"Эрэгтэй","Гэр бүлийн гишүүдэд хувь нэмрээ оруулагч","Бүгд","Улсын дүн","3,252"
"Эрэгтэй","Гэр бүлийн гишүүдэд хувь нэмрээ оруулагч","Бүгд","Баруун бүс","326"
"Эрэгтэй","Гэр бүлийн гишүүдэд хувь нэмрээ оруулагч","Бүгд","Хангайн бүс","2,089"
"Эрэгтэй","Гэр бүлийн гишүүдэд хувь нэмрээ оруулагч","Бүгд","Төвийн бүс","796"
"Эрэгтэй","Гэр бүлийн гишүүдэд хувь нэмрээ оруулагч","Бүгд","Зүүн бүс","41"
"Эрэгтэй","Гэр бүлийн гишүүдэд хувь нэмрээ оруулагч","Бүгд","Улаанбаатар","0"
"Эрэгтэй","Гэр бүлийн гишүүдэд хувь нэмрээ оруулагч","  15-19","Улсын дүн","563"
"Эрэгтэй","Гэр бүлийн гишүүдэд хувь нэмрээ оруулагч","  15-19","Баруун бүс","105"
"Эрэгтэй","Гэр бүлийн гишүүдэд хувь нэмрээ оруулагч","  15-19","Хангайн бүс","410"
"Эрэгтэй","Гэр бүлийн гишүүдэд хувь нэмрээ оруулагч","  15-19","Төвийн бүс","49"
"Эрэгтэй","Гэр бүлийн гишүүдэд хувь нэмрээ оруулагч","  15-19","Зүүн бүс","0"
"Эрэгтэй","Гэр бүлийн гишүүдэд хувь нэмрээ оруулагч","  15-19","Улаанбаатар","0"
"Эрэгтэй","Гэр бүлийн гишүүдэд хувь нэмрээ оруулагч","  20-24","Улсын дүн","1,204"
"Эрэгтэй","Гэр бүлийн гишүүдэд хувь нэмрээ оруулагч","  20-24","Баруун бүс","74"
"Эрэгтэй","Гэр бүлийн гишүүдэд хувь нэмрээ оруулагч","  20-24","Хангайн бүс","1,074"
"Эрэгтэй","Гэр бүлийн гишүүдэд хувь нэмрээ оруулагч","  20-24","Төвийн бүс","56"
"Эрэгтэй","Гэр бүлийн гишүүдэд хувь нэмрээ оруулагч","  20-24","Зүүн бүс","0"
"Эрэгтэй","Гэр бүлийн гишүүдэд хувь нэмрээ оруулагч","  20-24","Улаанбаатар","0"
"Эрэгтэй","Гэр бүлийн гишүүдэд хувь нэмрээ оруулагч","  25-29","Улсын дүн","869"
"Эрэгтэй","Гэр бүлийн гишүүдэд хувь нэмрээ оруулагч","  25-29","Баруун бүс","123"
"Эрэгтэй","Гэр бүлийн гишүүдэд хувь нэмрээ оруулагч","  25-29","Хангайн бүс","355"
"Эрэгтэй","Гэр бүлийн гишүүдэд хувь нэмрээ оруулагч","  25-29","Төвийн бүс","391"
"Эрэгтэй","Гэр бүлийн гишүүдэд хувь нэмрээ оруулагч","  25-29","Зүүн бүс","0"
"Эрэгтэй","Гэр бүлийн гишүүдэд хувь нэмрээ оруулагч","  25-29","Улаанбаатар","0"
"Эрэгтэй","Гэр бүлийн гишүүдэд хувь нэмрээ оруулагч","  30-34","Улсын дүн","194"
"Эрэгтэй","Гэр бүлийн гишүүдэд хувь нэмрээ оруулагч","  30-34","Баруун бүс","0"
"Эрэгтэй","Гэр бүлийн гишүүдэд хувь нэмрээ оруулагч","  30-34","Хангайн бүс","0"
"Эрэгтэй","Гэр бүлийн гишүүдэд хувь нэмрээ оруулагч","  30-34","Төвийн бүс","194"
"Эрэгтэй","Гэр бүлийн гишүүдэд хувь нэмрээ оруулагч","  30-34","Зүүн бүс","0"
"Эрэгтэй","Гэр бүлийн гишүүдэд хувь нэмрээ оруулагч","  30-34","Улаанбаатар","0"
"Эрэгтэй","Гэр бүлийн гишүүдэд хувь нэмрээ оруулагч","  35-39","Улсын дүн","139"
"Эрэгтэй","Гэр бүлийн гишүүдэд хувь нэмрээ оруулагч","  35-39","Баруун бүс","0"
"Эрэгтэй","Гэр бүлийн гишүүдэд хувь нэмрээ оруулагч","  35-39","Хангайн бүс","139"
"Эрэгтэй","Гэр бүлийн гишүүдэд хувь нэмрээ оруулагч","  35-39","Төвийн бүс","0"
"Эрэгтэй","Гэр бүлийн гишүүдэд хувь нэмрээ оруулагч","  35-39","Зүүн бүс","0"
"Эрэгтэй","Гэр бүлийн гишүүдэд хувь нэмрээ оруулагч","  35-39","Улаанбаатар","0"
"Эрэгтэй","Гэр бүлийн гишүүдэд хувь нэмрээ оруулагч","  40-44","Улсын дүн","106"
"Эрэгтэй","Гэр бүлийн гишүүдэд хувь нэмрээ оруулагч","  40-44","Баруун бүс","0"
"Эрэгтэй","Гэр бүлийн гишүүдэд хувь нэмрээ оруулагч","  40-44","Хангайн бүс","0"
"Эрэгтэй","Гэр бүлийн гишүүдэд хувь нэмрээ оруулагч","  40-44","Төвийн бүс","106"
"Эрэгтэй","Гэр бүлийн гишүүдэд хувь нэмрээ оруулагч","  40-44","Зүүн бүс","0"
"Эрэгтэй","Гэр бүлийн гишүүдэд хувь нэмрээ оруулагч","  40-44","Улаанбаатар","0"
"Эрэгтэй","Гэр бүлийн гишүүдэд хувь нэмрээ оруулагч","  45-49","Улсын дүн","81"
"Эрэгтэй","Гэр бүлийн гишүүдэд хувь нэмрээ оруулагч","  45-49","Баруун бүс","0"
"Эрэгтэй","Гэр бүлийн гишүүдэд хувь нэмрээ оруулагч","  45-49","Хангайн бүс","81"
"Эрэгтэй","Гэр бүлийн гишүүдэд хувь нэмрээ оруулагч","  45-49","Төвийн бүс","0"
"Эрэгтэй","Гэр бүлийн гишүүдэд хувь нэмрээ оруулагч","  45-49","Зүүн бүс","0"
"Эрэгтэй","Гэр бүлийн гишүүдэд хувь нэмрээ оруулагч","  45-49","Улаанбаатар","0"
"Эрэгтэй","Гэр бүлийн гишүүдэд хувь нэмрээ оруулагч","  50-54","Улсын дүн","25"
"Эрэгтэй","Гэр бүлийн гишүүдэд хувь нэмрээ оруулагч","  50-54","Баруун бүс","25"
"Эрэгтэй","Гэр бүлийн гишүүдэд хувь нэмрээ оруулагч","  50-54","Хангайн бүс","0"
"Эрэгтэй","Гэр бүлийн гишүүдэд хувь нэмрээ оруулагч","  50-54","Төвийн бүс","0"
"Эрэгтэй","Гэр бүлийн гишүүдэд хувь нэмрээ оруулагч","  50-54","Зүүн бүс","0"
"Эрэгтэй","Гэр бүлийн гишүүдэд хувь нэмрээ оруулагч","  50-54","Улаанбаатар","0"
"Эрэгтэй","Гэр бүлийн гишүүдэд хувь нэмрээ оруулагч","  55-59","Улсын дүн","70"
"Эрэгтэй","Гэр бүлийн гишүүдэд хувь нэмрээ оруулагч","  55-59","Баруун бүс","0"
"Эрэгтэй","Гэр бүлийн гишүүдэд хувь нэмрээ оруулагч","  55-59","Хангайн бүс","29"
"Эрэгтэй","Гэр бүлийн гишүүдэд хувь нэмрээ оруулагч","  55-59","Төвийн бүс","0"
"Эрэгтэй","Гэр бүлийн гишүүдэд хувь нэмрээ оруулагч","  55-59","Зүүн бүс","41"
"Эрэгтэй","Гэр бүлийн гишүүдэд хувь нэмрээ оруулагч","  55-59","Улаанбаатар","0"
"Эрэгтэй","Гэр бүлийн гишүүдэд хувь нэмрээ оруулагч","  60-64","Улсын дүн","0"
"Эрэгтэй","Гэр бүлийн гишүүдэд хувь нэмрээ оруулагч","  60-64","Баруун бүс","0"
"Эрэгтэй","Гэр бүлийн гишүүдэд хувь нэмрээ оруулагч","  60-64","Хангайн бүс","0"
"Эрэгтэй","Гэр бүлийн гишүүдэд хувь нэмрээ оруулагч","  60-64","Төвийн бүс","0"
"Эрэгтэй","Гэр бүлийн гишүүдэд хувь нэмрээ оруулагч","  60-64","Зүүн бүс","0"
"Эрэгтэй","Гэр бүлийн гишүүдэд хувь нэмрээ оруулагч","  60-64","Улаанбаатар","0"
"Эрэгтэй","Гэр бүлийн гишүүдэд хувь нэмрээ оруулагч","  65-69","Улсын дүн","0"
"Эрэгтэй","Гэр бүлийн гишүүдэд хувь нэмрээ оруулагч","  65-69","Баруун бүс","0"
"Эрэгтэй","Гэр бүлийн гишүүдэд хувь нэмрээ оруулагч","  65-69","Хангайн бүс","0"
"Эрэгтэй","Гэр бүлийн гишүүдэд хувь нэмрээ оруулагч","  65-69","Төвийн бүс","0"
"Эрэгтэй","Гэр бүлийн гишүүдэд хувь нэмрээ оруулагч","  65-69","Зүүн бүс","0"
"Эрэгтэй","Гэр бүлийн гишүүдэд хувь нэмрээ оруулагч","  65-69","Улаанбаатар","0"
"Эрэгтэй","Гэр бүлийн гишүүдэд хувь нэмрээ оруулагч","  70+","Улсын дүн","0"
"Эрэгтэй","Гэр бүлийн гишүүдэд хувь нэмрээ оруулагч","  70+","Баруун бүс","0"
"Эрэгтэй","Гэр бүлийн гишүүдэд хувь нэмрээ оруулагч","  70+","Хангайн бүс","0"
"Эрэгтэй","Гэр бүлийн гишүүдэд хувь нэмрээ оруулагч","  70+","Төвийн бүс","0"
"Эрэгтэй","Гэр бүлийн гишүүдэд хувь нэмрээ оруулагч","  70+","Зүүн бүс","0"
"Эрэгтэй","Гэр бүлийн гишүүдэд хувь нэмрээ оруулагч","  70+","Улаанбаатар","0"
"Эрэгтэй","Эдгээр статуст хамрагдаагүй ажиллагчид","Бүгд","Улсын дүн","0"
"Эрэгтэй","Эдгээр статуст хамрагдаагүй ажиллагчид","Бүгд","Баруун бүс","0"
"Эрэгтэй","Эдгээр статуст хамрагдаагүй ажиллагчид","Бүгд","Хангайн бүс","0"
"Эрэгтэй","Эдгээр статуст хамрагдаагүй ажиллагчид","Бүгд","Төвийн бүс","0"
"Эрэгтэй","Эдгээр статуст хамрагдаагүй ажиллагчид","Бүгд","Зүүн бүс","0"
"Эрэгтэй","Эдгээр статуст хамрагдаагүй ажиллагчид","Бүгд","Улаанбаатар","0"
"Эрэгтэй","Эдгээр статуст хамрагдаагүй ажиллагчид","  15-19","Улсын дүн","0"
"Эрэгтэй","Эдгээр статуст хамрагдаагүй ажиллагчид","  15-19","Баруун бүс","0"
"Эрэгтэй","Эдгээр статуст хамрагдаагүй ажиллагчид","  15-19","Хангайн бүс","0"
"Эрэгтэй","Эдгээр статуст хамрагдаагүй ажиллагчид","  15-19","Төвийн бүс","0"
"Эрэгтэй","Эдгээр статуст хамрагдаагүй ажиллагчид","  15-19","Зүүн бүс","0"
"Эрэгтэй","Эдгээр статуст хамрагдаагүй ажиллагчид","  15-19","Улаанбаатар","0"
"Эрэгтэй","Эдгээр статуст хамрагдаагүй ажиллагчид","  20-24","Улсын дүн","0"
"Эрэгтэй","Эдгээр статуст хамрагдаагүй ажиллагчид","  20-24","Баруун бүс","0"
"Эрэгтэй","Эдгээр статуст хамрагдаагүй ажиллагчид","  20-24","Хангайн бүс","0"
"Эрэгтэй","Эдгээр статуст хамрагдаагүй ажиллагчид","  20-24","Төвийн бүс","0"
"Эрэгтэй","Эдгээр статуст хамрагдаагүй ажиллагчид","  20-24","Зүүн бүс","0"
"Эрэгтэй","Эдгээр статуст хамрагдаагүй ажиллагчид","  20-24","Улаанбаатар","0"
"Эрэгтэй","Эдгээр статуст хамрагдаагүй ажиллагчид","  25-29","Улсын дүн","0"
"Эрэгтэй","Эдгээр статуст хамрагдаагүй ажиллагчид","  25-29","Баруун бүс","0"
"Эрэгтэй","Эдгээр статуст хамрагдаагүй ажиллагчид","  25-29","Хангайн бүс","0"
"Эрэгтэй","Эдгээр статуст хамрагдаагүй ажиллагчид","  25-29","Төвийн бүс","0"
"Эрэгтэй","Эдгээр статуст хамрагдаагүй ажиллагчид","  25-29","Зүүн бүс","0"
"Эрэгтэй","Эдгээр статуст хамрагдаагүй ажиллагчид","  25-29","Улаанбаатар","0"
"Эрэгтэй","Эдгээр статуст хамрагдаагүй ажиллагчид","  30-34","Улсын дүн","0"
"Эрэгтэй","Эдгээр статуст хамрагдаагүй ажиллагчид","  30-34","Баруун бүс","0"
"Эрэгтэй","Эдгээр статуст хамрагдаагүй ажиллагчид","  30-34","Хангайн бүс","0"
"Эрэгтэй","Эдгээр статуст хамрагдаагүй ажиллагчид","  30-34","Төвийн бүс","0"
"Эрэгтэй","Эдгээр статуст хамрагдаагүй ажиллагчид","  30-34","Зүүн бүс","0"
"Эрэгтэй","Эдгээр статуст хамрагдаагүй ажиллагчид","  30-34","Улаанбаатар","0"
"Эрэгтэй","Эдгээр статуст хамрагдаагүй ажиллагчид","  35-39","Улсын дүн","0"
"Эрэгтэй","Эдгээр статуст хамрагдаагүй ажиллагчид","  35-39","Баруун бүс","0"
"Эрэгтэй","Эдгээр статуст хамрагдаагүй ажиллагчид","  35-39","Хангайн бүс","0"
"Эрэгтэй","Эдгээр статуст хамрагдаагүй ажиллагчид","  35-39","Төвийн бүс","0"
"Эрэгтэй","Эдгээр статуст хамрагдаагүй ажиллагчид","  35-39","Зүүн бүс","0"
"Эрэгтэй","Эдгээр статуст хамрагдаагүй ажиллагчид","  35-39","Улаанбаатар","0"
"Эрэгтэй","Эдгээр статуст хамрагдаагүй ажиллагчид","  40-44","Улсын дүн","0"
"Эрэгтэй","Эдгээр статуст хамрагдаагүй ажиллагчид","  40-44","Баруун бүс","0"
"Эрэгтэй","Эдгээр статуст хамрагдаагүй ажиллагчид","  40-44","Хангайн бүс","0"
"Эрэгтэй","Эдгээр статуст хамрагдаагүй ажиллагчид","  40-44","Төвийн бүс","0"
"Эрэгтэй","Эдгээр статуст хамрагдаагүй ажиллагчид","  40-44","Зүүн бүс","0"
"Эрэгтэй","Эдгээр статуст хамрагдаагүй ажиллагчид","  40-44","Улаанбаатар","0"
"Эрэгтэй","Эдгээр статуст хамрагдаагүй ажиллагчид","  45-49","Улсын дүн","0"
"Эрэгтэй","Эдгээр статуст хамрагдаагүй ажиллагчид","  45-49","Баруун бүс","0"
"Эрэгтэй","Эдгээр статуст хамрагдаагүй ажиллагчид","  45-49","Хангайн бүс","0"
"Эрэгтэй","Эдгээр статуст хамрагдаагүй ажиллагчид","  45-49","Төвийн бүс","0"
"Эрэгтэй","Эдгээр статуст хамрагдаагүй ажиллагчид","  45-49","Зүүн бүс","0"
"Эрэгтэй","Эдгээр статуст хамрагдаагүй ажиллагчид","  45-49","Улаанбаатар","0"
"Эрэгтэй","Эдгээр статуст хамрагдаагүй ажиллагчид","  50-54","Улсын дүн","0"
"Эрэгтэй","Эдгээр статуст хамрагдаагүй ажиллагчид","  50-54","Баруун бүс","0"
"Эрэгтэй","Эдгээр статуст хамрагдаагүй ажиллагчид","  50-54","Хангайн бүс","0"
"Эрэгтэй","Эдгээр статуст хамрагдаагүй ажиллагчид","  50-54","Төвийн бүс","0"
"Эрэгтэй","Эдгээр статуст хамрагдаагүй ажиллагчид","  50-54","Зүүн бүс","0"
"Эрэгтэй","Эдгээр статуст хамрагдаагүй ажиллагчид","  50-54","Улаанбаатар","0"
"Эрэгтэй","Эдгээр статуст хамрагдаагүй ажиллагчид","  55-59","Улсын дүн","0"
"Эрэгтэй","Эдгээр статуст хамрагдаагүй ажиллагчид","  55-59","Баруун бүс","0"
"Эрэгтэй","Эдгээр статуст хамрагдаагүй ажиллагчид","  55-59","Хангайн бүс","0"
"Эрэгтэй","Эдгээр статуст хамрагдаагүй ажиллагчид","  55-59","Төвийн бүс","0"
"Эрэгтэй","Эдгээр статуст хамрагдаагүй ажиллагчид","  55-59","Зүүн бүс","0"
"Эрэгтэй","Эдгээр статуст хамрагдаагүй ажиллагчид","  55-59","Улаанбаатар","0"
"Эрэгтэй","Эдгээр статуст хамрагдаагүй ажиллагчид","  60-64","Улсын дүн","0"
"Эрэгтэй","Эдгээр статуст хамрагдаагүй ажиллагчид","  60-64","Баруун бүс","0"
"Эрэгтэй","Эдгээр статуст хамрагдаагүй ажиллагчид","  60-64","Хангайн бүс","0"
"Эрэгтэй","Эдгээр статуст хамрагдаагүй ажиллагчид","  60-64","Төвийн бүс","0"
"Эрэгтэй","Эдгээр статуст хамрагдаагүй ажиллагчид","  60-64","Зүүн бүс","0"
"Эрэгтэй","Эдгээр статуст хамрагдаагүй ажиллагчид","  60-64","Улаанбаатар","0"
"Эрэгтэй","Эдгээр статуст хамрагдаагүй ажиллагчид","  65-69","Улсын дүн","0"
"Эрэгтэй","Эдгээр статуст хамрагдаагүй ажиллагчид","  65-69","Баруун бүс","0"
"Эрэгтэй","Эдгээр статуст хамрагдаагүй ажиллагчид","  65-69","Хангайн бүс","0"
"Эрэгтэй","Эдгээр статуст хамрагдаагүй ажиллагчид","  65-69","Төвийн бүс","0"
"Эрэгтэй","Эдгээр статуст хамрагдаагүй ажиллагчид","  65-69","Зүүн бүс","0"
"Эрэгтэй","Эдгээр статуст хамрагдаагүй ажиллагчид","  65-69","Улаанбаатар","0"
"Эрэгтэй","Эдгээр статуст хамрагдаагүй ажиллагчид","  70+","Улсын дүн","0"
"Эрэгтэй","Эдгээр статуст хамрагдаагүй ажиллагчид","  70+","Баруун бүс","0"
"Эрэгтэй","Эдгээр статуст хамрагдаагүй ажиллагчид","  70+","Хангайн бүс","0"
"Эрэгтэй","Эдгээр статуст хамрагдаагүй ажиллагчид","  70+","Төвийн бүс","0"
"Эрэгтэй","Эдгээр статуст хамрагдаагүй ажиллагчид","  70+","Зүүн бүс","0"
"Эрэгтэй","Эдгээр статуст хамрагдаагүй ажиллагчид","  70+","Улаанбаатар","0"
"Эмэгтэй","Ажил олгогч","Бүгд","Улсын дүн","20,413"
"Эмэгтэй","Ажил олгогч","Бүгд","Баруун бүс","1,327"
"Эмэгтэй","Ажил олгогч","Бүгд","Хангайн бүс","4,269"
"Эмэгтэй","Ажил олгогч","Бүгд","Төвийн бүс","2,687"
"Эмэгтэй","Ажил олгогч","Бүгд","Зүүн бүс","1,529"
"Эмэгтэй","Ажил олгогч","Бүгд","Улаанбаатар","10,601"
"Эмэгтэй","Ажил олгогч","  15-19","Улсын дүн","236"
"Эмэгтэй","Ажил олгогч","  15-19","Баруун бүс","0"
"Эмэгтэй","Ажил олгогч","  15-19","Хангайн бүс","0"
"Эмэгтэй","Ажил олгогч","  15-19","Төвийн бүс","39"
"Эмэгтэй","Ажил олгогч","  15-19","Зүүн бүс","0"
"Эмэгтэй","Ажил олгогч","  15-19","Улаанбаатар","197"
"Эмэгтэй","Ажил олгогч","  20-24","Улсын дүн","258"
"Эмэгтэй","Ажил олгогч","  20-24","Баруун бүс","73"
"Эмэгтэй","Ажил олгогч","  20-24","Хангайн бүс","78"
"Эмэгтэй","Ажил олгогч","  20-24","Төвийн бүс","0"
"Эмэгтэй","Ажил олгогч","  20-24","Зүүн бүс","0"
"Эмэгтэй","Ажил олгогч","  20-24","Улаанбаатар","108"
"Эмэгтэй","Ажил олгогч","  25-29","Улсын дүн","1,237"
"Эмэгтэй","Ажил олгогч","  25-29","Баруун бүс","112"
"Эмэгтэй","Ажил олгогч","  25-29","Хангайн бүс","168"
"Эмэгтэй","Ажил олгогч","  25-29","Төвийн бүс","354"
"Эмэгтэй","Ажил олгогч","  25-29","Зүүн бүс","152"
"Эмэгтэй","Ажил олгогч","  25-29","Улаанбаатар","450"
"Эмэгтэй","Ажил олгогч","  30-34","Улсын дүн","2,144"
"Эмэгтэй","Ажил олгогч","  30-34","Баруун бүс","101"
"Эмэгтэй","Ажил олгогч","  30-34","Хангайн бүс","410"
"Эмэгтэй","Ажил олгогч","  30-34","Төвийн бүс","290"
"Эмэгтэй","Ажил олгогч","  30-34","Зүүн бүс","166"
"Эмэгтэй","Ажил олгогч","  30-34","Улаанбаатар","1,178"
"Эмэгтэй","Ажил олгогч","  35-39","Улсын дүн","5,174"
"Эмэгтэй","Ажил олгогч","  35-39","Баруун бүс","0"
"Эмэгтэй","Ажил олгогч","  35-39","Хангайн бүс","900"
"Эмэгтэй","Ажил олгогч","  35-39","Төвийн бүс","684"
"Эмэгтэй","Ажил олгогч","  35-39","Зүүн бүс","377"
"Эмэгтэй","Ажил олгогч","  35-39","Улаанбаатар","3,214"
"Эмэгтэй","Ажил олгогч","  40-44","Улсын дүн","3,432"
"Эмэгтэй","Ажил олгогч","  40-44","Баруун бүс","360"
"Эмэгтэй","Ажил олгогч","  40-44","Хангайн бүс","946"
"Эмэгтэй","Ажил олгогч","  40-44","Төвийн бүс","212"
"Эмэгтэй","Ажил олгогч","  40-44","Зүүн бүс","102"
"Эмэгтэй","Ажил олгогч","  40-44","Улаанбаатар","1,812"
"Эмэгтэй","Ажил олгогч","  45-49","Улсын дүн","2,626"
"Эмэгтэй","Ажил олгогч","  45-49","Баруун бүс","134"
"Эмэгтэй","Ажил олгогч","  45-49","Хангайн бүс","477"
"Эмэгтэй","Ажил олгогч","  45-49","Төвийн бүс","216"
"Эмэгтэй","Ажил олгогч","  45-49","Зүүн бүс","414"
"Эмэгтэй","Ажил олгогч","  45-49","Улаанбаатар","1,384"
"Эмэгтэй","Ажил олгогч","  50-54","Улсын дүн","2,906"
"Эмэгтэй","Ажил олгогч","  50-54","Баруун бүс","278"
"Эмэгтэй","Ажил олгогч","  50-54","Хангайн бүс","950"
"Эмэгтэй","Ажил олгогч","  50-54","Төвийн бүс","512"
"Эмэгтэй","Ажил олгогч","  50-54","Зүүн бүс","106"
"Эмэгтэй","Ажил олгогч","  50-54","Улаанбаатар","1,059"
"Эмэгтэй","Ажил олгогч","  55-59","Улсын дүн","1,664"
"Эмэгтэй","Ажил олгогч","  55-59","Баруун бүс","22"
"Эмэгтэй","Ажил олгогч","  55-59","Хангайн бүс","340"
"Эмэгтэй","Ажил олгогч","  55-59","Төвийн бүс","165"
"Эмэгтэй","Ажил олгогч","  55-59","Зүүн бүс","140"
"Эмэгтэй","Ажил олгогч","  55-59","Улаанбаатар","998"
"Эмэгтэй","Ажил олгогч","  60-64","Улсын дүн","510"
"Эмэгтэй","Ажил олгогч","  60-64","Баруун бүс","100"
"Эмэгтэй","Ажил олгогч","  60-64","Хангайн бүс","0"
"Эмэгтэй","Ажил олгогч","  60-64","Төвийн бүс","215"
"Эмэгтэй","Ажил олгогч","  60-64","Зүүн бүс","0"
"Эмэгтэй","Ажил олгогч","  60-64","Улаанбаатар","195"
"Эмэгтэй","Ажил олгогч","  65-69","Улсын дүн","78"
"Эмэгтэй","Ажил олгогч","  65-69","Баруун бүс","0"
"Эмэгтэй","Ажил олгогч","  65-69","Хангайн бүс","0"
"Эмэгтэй","Ажил олгогч","  65-69","Төвийн бүс","0"
"Эмэгтэй","Ажил олгогч","  65-69","Зүүн бүс","71"
"Эмэгтэй","Ажил олгогч","  65-69","Улаанбаатар","7"
"Эмэгтэй","Ажил олгогч","  70+","Улсын дүн","146"
"Эмэгтэй","Ажил олгогч","  70+","Баруун бүс","146"
"Эмэгтэй","Ажил олгогч","  70+","Хангайн бүс","0"
"Эмэгтэй","Ажил олгогч","  70+","Төвийн бүс","0"
"Эмэгтэй","Ажил олгогч","  70+","Зүүн бүс","0"
"Эмэгтэй","Ажил олгогч","  70+","Улаанбаатар","0"
"Эмэгтэй","Цалин хөлстэй ажиллагчгүй бие даасан ажиллагч","Бүгд","Улсын дүн","202,594"
"Эмэгтэй","Цалин хөлстэй ажиллагчгүй бие даасан ажиллагч","Бүгд","Баруун бүс","41,932"
"Эмэгтэй","Цалин хөлстэй ажиллагчгүй бие даасан ажиллагч","Бүгд","Хангайн бүс","55,144"
"Эмэгтэй","Цалин хөлстэй ажиллагчгүй бие даасан ажиллагч","Бүгд","Төвийн бүс","28,806"
"Эмэгтэй","Цалин хөлстэй ажиллагчгүй бие даасан ажиллагч","Бүгд","Зүүн бүс","19,357"
"Эмэгтэй","Цалин хөлстэй ажиллагчгүй бие даасан ажиллагч","Бүгд","Улаанбаатар","57,355"
"Эмэгтэй","Цалин хөлстэй ажиллагчгүй бие даасан ажиллагч","  15-19","Улсын дүн","914"
"Эмэгтэй","Цалин хөлстэй ажиллагчгүй бие даасан ажиллагч","  15-19","Баруун бүс","214"
"Эмэгтэй","Цалин хөлстэй ажиллагчгүй бие даасан ажиллагч","  15-19","Хангайн бүс","474"
"Эмэгтэй","Цалин хөлстэй ажиллагчгүй бие даасан ажиллагч","  15-19","Төвийн бүс","11"
"Эмэгтэй","Цалин хөлстэй ажиллагчгүй бие даасан ажиллагч","  15-19","Зүүн бүс","15"
"Эмэгтэй","Цалин хөлстэй ажиллагчгүй бие даасан ажиллагч","  15-19","Улаанбаатар","200"
"Эмэгтэй","Цалин хөлстэй ажиллагчгүй бие даасан ажиллагч","  20-24","Улсын дүн","6,672"
"Эмэгтэй","Цалин хөлстэй ажиллагчгүй бие даасан ажиллагч","  20-24","Баруун бүс","1,950"
"Эмэгтэй","Цалин хөлстэй ажиллагчгүй бие даасан ажиллагч","  20-24","Хангайн бүс","2,552"
"Эмэгтэй","Цалин хөлстэй ажиллагчгүй бие даасан ажиллагч","  20-24","Төвийн бүс","791"
"Эмэгтэй","Цалин хөлстэй ажиллагчгүй бие даасан ажиллагч","  20-24","Зүүн бүс","688"
"Эмэгтэй","Цалин хөлстэй ажиллагчгүй бие даасан ажиллагч","  20-24","Улаанбаатар","691"
"Эмэгтэй","Цалин хөлстэй ажиллагчгүй бие даасан ажиллагч","  25-29","Улсын дүн","15,912"
"Эмэгтэй","Цалин хөлстэй ажиллагчгүй бие даасан ажиллагч","  25-29","Баруун бүс","3,583"
"Эмэгтэй","Цалин хөлстэй ажиллагчгүй бие даасан ажиллагч","  25-29","Хангайн бүс","4,405"
"Эмэгтэй","Цалин хөлстэй ажиллагчгүй бие даасан ажиллагч","  25-29","Төвийн бүс","1,491"
"Эмэгтэй","Цалин хөлстэй ажиллагчгүй бие даасан ажиллагч","  25-29","Зүүн бүс","2,195"
"Эмэгтэй","Цалин хөлстэй ажиллагчгүй бие даасан ажиллагч","  25-29","Улаанбаатар","4,236"
"Эмэгтэй","Цалин хөлстэй ажиллагчгүй бие даасан ажиллагч","  30-34","Улсын дүн","17,530"
"Эмэгтэй","Цалин хөлстэй ажиллагчгүй бие даасан ажиллагч","  30-34","Баруун бүс","3,127"
"Эмэгтэй","Цалин хөлстэй ажиллагчгүй бие даасан ажиллагч","  30-34","Хангайн бүс","4,390"
"Эмэгтэй","Цалин хөлстэй ажиллагчгүй бие даасан ажиллагч","  30-34","Төвийн бүс","2,864"
"Эмэгтэй","Цалин хөлстэй ажиллагчгүй бие даасан ажиллагч","  30-34","Зүүн бүс","2,432"
"Эмэгтэй","Цалин хөлстэй ажиллагчгүй бие даасан ажиллагч","  30-34","Улаанбаатар","4,717"
"Эмэгтэй","Цалин хөлстэй ажиллагчгүй бие даасан ажиллагч","  35-39","Улсын дүн","30,097"
"Эмэгтэй","Цалин хөлстэй ажиллагчгүй бие даасан ажиллагч","  35-39","Баруун бүс","6,606"
"Эмэгтэй","Цалин хөлстэй ажиллагчгүй бие даасан ажиллагч","  35-39","Хангайн бүс","8,382"
"Эмэгтэй","Цалин хөлстэй ажиллагчгүй бие даасан ажиллагч","  35-39","Төвийн бүс","3,291"
"Эмэгтэй","Цалин хөлстэй ажиллагчгүй бие даасан ажиллагч","  35-39","Зүүн бүс","2,389"
"Эмэгтэй","Цалин хөлстэй ажиллагчгүй бие даасан ажиллагч","  35-39","Улаанбаатар","9,427"
"Эмэгтэй","Цалин хөлстэй ажиллагчгүй бие даасан ажиллагч","  40-44","Улсын дүн","31,916"
"Эмэгтэй","Цалин хөлстэй ажиллагчгүй бие даасан ажиллагч","  40-44","Баруун бүс","6,586"
"Эмэгтэй","Цалин хөлстэй ажиллагчгүй бие даасан ажиллагч","  40-44","Хангайн бүс","8,492"
"Эмэгтэй","Цалин хөлстэй ажиллагчгүй бие даасан ажиллагч","  40-44","Төвийн бүс","5,346"
"Эмэгтэй","Цалин хөлстэй ажиллагчгүй бие даасан ажиллагч","  40-44","Зүүн бүс","2,542"
"Эмэгтэй","Цалин хөлстэй ажиллагчгүй бие даасан ажиллагч","  40-44","Улаанбаатар","8,950"
"Эмэгтэй","Цалин хөлстэй ажиллагчгүй бие даасан ажиллагч","  45-49","Улсын дүн","34,917"
"Эмэгтэй","Цалин хөлстэй ажиллагчгүй бие даасан ажиллагч","  45-49","Баруун бүс","5,479"
"Эмэгтэй","Цалин хөлстэй ажиллагчгүй бие даасан ажиллагч","  45-49","Хангайн бүс","10,365"
"Эмэгтэй","Цалин хөлстэй ажиллагчгүй бие даасан ажиллагч","  45-49","Төвийн бүс","5,272"
"Эмэгтэй","Цалин хөлстэй ажиллагчгүй бие даасан ажиллагч","  45-49","Зүүн бүс","3,003"
"Эмэгтэй","Цалин хөлстэй ажиллагчгүй бие даасан ажиллагч","  45-49","Улаанбаатар","10,798"
"Эмэгтэй","Цалин хөлстэй ажиллагчгүй бие даасан ажиллагч","  50-54","Улсын дүн","31,603"
"Эмэгтэй","Цалин хөлстэй ажиллагчгүй бие даасан ажиллагч","  50-54","Баруун бүс","6,495"
"Эмэгтэй","Цалин хөлстэй ажиллагчгүй бие даасан ажиллагч","  50-54","Хангайн бүс","7,561"
"Эмэгтэй","Цалин хөлстэй ажиллагчгүй бие даасан ажиллагч","  50-54","Төвийн бүс","4,616"
"Эмэгтэй","Цалин хөлстэй ажиллагчгүй бие даасан ажиллагч","  50-54","Зүүн бүс","2,785"
"Эмэгтэй","Цалин хөлстэй ажиллагчгүй бие даасан ажиллагч","  50-54","Улаанбаатар","10,147"
"Эмэгтэй","Цалин хөлстэй ажиллагчгүй бие даасан ажиллагч","  55-59","Улсын дүн","16,892"
"Эмэгтэй","Цалин хөлстэй ажиллагчгүй бие даасан ажиллагч","  55-59","Баруун бүс","4,974"
"Эмэгтэй","Цалин хөлстэй ажиллагчгүй бие даасан ажиллагч","  55-59","Хангайн бүс","3,080"
"Эмэгтэй","Цалин хөлстэй ажиллагчгүй бие даасан ажиллагч","  55-59","Төвийн бүс","2,216"
"Эмэгтэй","Цалин хөлстэй ажиллагчгүй бие даасан ажиллагч","  55-59","Зүүн бүс","1,886"
"Эмэгтэй","Цалин хөлстэй ажиллагчгүй бие даасан ажиллагч","  55-59","Улаанбаатар","4,736"
"Эмэгтэй","Цалин хөлстэй ажиллагчгүй бие даасан ажиллагч","  60-64","Улсын дүн","9,387"
"Эмэгтэй","Цалин хөлстэй ажиллагчгүй бие даасан ажиллагч","  60-64","Баруун бүс","1,710"
"Эмэгтэй","Цалин хөлстэй ажиллагчгүй бие даасан ажиллагч","  60-64","Хангайн бүс","3,013"
"Эмэгтэй","Цалин хөлстэй ажиллагчгүй бие даасан ажиллагч","  60-64","Төвийн бүс","1,495"
"Эмэгтэй","Цалин хөлстэй ажиллагчгүй бие даасан ажиллагч","  60-64","Зүүн бүс","818"
"Эмэгтэй","Цалин хөлстэй ажиллагчгүй бие даасан ажиллагч","  60-64","Улаанбаатар","2,349"
"Эмэгтэй","Цалин хөлстэй ажиллагчгүй бие даасан ажиллагч","  65-69","Улсын дүн","5,219"
"Эмэгтэй","Цалин хөлстэй ажиллагчгүй бие даасан ажиллагч","  65-69","Баруун бүс","714"
"Эмэгтэй","Цалин хөлстэй ажиллагчгүй бие даасан ажиллагч","  65-69","Хангайн бүс","1,910"
"Эмэгтэй","Цалин хөлстэй ажиллагчгүй бие даасан ажиллагч","  65-69","Төвийн бүс","1,155"
"Эмэгтэй","Цалин хөлстэй ажиллагчгүй бие даасан ажиллагч","  65-69","Зүүн бүс","382"
"Эмэгтэй","Цалин хөлстэй ажиллагчгүй бие даасан ажиллагч","  65-69","Улаанбаатар","1,057"
"Эмэгтэй","Цалин хөлстэй ажиллагчгүй бие даасан ажиллагч","  70+","Улсын дүн","1,535"
"Эмэгтэй","Цалин хөлстэй ажиллагчгүй бие даасан ажиллагч","  70+","Баруун бүс","494"
"Эмэгтэй","Цалин хөлстэй ажиллагчгүй бие даасан ажиллагч","  70+","Хангайн бүс","521"
"Эмэгтэй","Цалин хөлстэй ажиллагчгүй бие даасан ажиллагч","  70+","Төвийн бүс","255"
"Эмэгтэй","Цалин хөлстэй ажиллагчгүй бие даасан ажиллагч","  70+","Зүүн бүс","222"
"Эмэгтэй","Цалин хөлстэй ажиллагчгүй бие даасан ажиллагч","  70+","Улаанбаатар","45"
"Эмэгтэй","Гүйцэтгэх гэрээлэгч","Бүгд","Улсын дүн","2,100"
"Эмэгтэй","Гүйцэтгэх гэрээлэгч","Бүгд","Баруун бүс","462"
"Эмэгтэй","Гүйцэтгэх гэрээлэгч","Бүгд","Хангайн бүс","203"
"Эмэгтэй","Гүйцэтгэх гэрээлэгч","Бүгд","Төвийн бүс","779"
"Эмэгтэй","Гүйцэтгэх гэрээлэгч","Бүгд","Зүүн бүс","280"
"Эмэгтэй","Гүйцэтгэх гэрээлэгч","Бүгд","Улаанбаатар","376"
"Эмэгтэй","Гүйцэтгэх гэрээлэгч","  15-19","Улсын дүн","0"
"Эмэгтэй","Гүйцэтгэх гэрээлэгч","  15-19","Баруун бүс","0"
"Эмэгтэй","Гүйцэтгэх гэрээлэгч","  15-19","Хангайн бүс","0"
"Эмэгтэй","Гүйцэтгэх гэрээлэгч","  15-19","Төвийн бүс","0"
"Эмэгтэй","Гүйцэтгэх гэрээлэгч","  15-19","Зүүн бүс","0"
"Эмэгтэй","Гүйцэтгэх гэрээлэгч","  15-19","Улаанбаатар","0"
"Эмэгтэй","Гүйцэтгэх гэрээлэгч","  20-24","Улсын дүн","280"
"Эмэгтэй","Гүйцэтгэх гэрээлэгч","  20-24","Баруун бүс","0"
"Эмэгтэй","Гүйцэтгэх гэрээлэгч","  20-24","Хангайн бүс","57"
"Эмэгтэй","Гүйцэтгэх гэрээлэгч","  20-24","Төвийн бүс","184"
"Эмэгтэй","Гүйцэтгэх гэрээлэгч","  20-24","Зүүн бүс","40"
"Эмэгтэй","Гүйцэтгэх гэрээлэгч","  20-24","Улаанбаатар","0"
"Эмэгтэй","Гүйцэтгэх гэрээлэгч","  25-29","Улсын дүн","70"
"Эмэгтэй","Гүйцэтгэх гэрээлэгч","  25-29","Баруун бүс","70"
"Эмэгтэй","Гүйцэтгэх гэрээлэгч","  25-29","Хангайн бүс","0"
"Эмэгтэй","Гүйцэтгэх гэрээлэгч","  25-29","Төвийн бүс","0"
"Эмэгтэй","Гүйцэтгэх гэрээлэгч","  25-29","Зүүн бүс","0"
"Эмэгтэй","Гүйцэтгэх гэрээлэгч","  25-29","Улаанбаатар","0"
"Эмэгтэй","Гүйцэтгэх гэрээлэгч","  30-34","Улсын дүн","218"
"Эмэгтэй","Гүйцэтгэх гэрээлэгч","  30-34","Баруун бүс","33"
"Эмэгтэй","Гүйцэтгэх гэрээлэгч","  30-34","Хангайн бүс","0"
"Эмэгтэй","Гүйцэтгэх гэрээлэгч","  30-34","Төвийн бүс","0"
"Эмэгтэй","Гүйцэтгэх гэрээлэгч","  30-34","Зүүн бүс","186"
"Эмэгтэй","Гүйцэтгэх гэрээлэгч","  30-34","Улаанбаатар","0"
"Эмэгтэй","Гүйцэтгэх гэрээлэгч","  35-39","Улсын дүн","283"
"Эмэгтэй","Гүйцэтгэх гэрээлэгч","  35-39","Баруун бүс","58"
"Эмэгтэй","Гүйцэтгэх гэрээлэгч","  35-39","Хангайн бүс","0"
"Эмэгтэй","Гүйцэтгэх гэрээлэгч","  35-39","Төвийн бүс","225"
"Эмэгтэй","Гүйцэтгэх гэрээлэгч","  35-39","Зүүн бүс","0"
"Эмэгтэй","Гүйцэтгэх гэрээлэгч","  35-39","Улаанбаатар","0"
"Эмэгтэй","Гүйцэтгэх гэрээлэгч","  40-44","Улсын дүн","312"
"Эмэгтэй","Гүйцэтгэх гэрээлэгч","  40-44","Баруун бүс","115"
"Эмэгтэй","Гүйцэтгэх гэрээлэгч","  40-44","Хангайн бүс","0"
"Эмэгтэй","Гүйцэтгэх гэрээлэгч","  40-44","Төвийн бүс","197"
"Эмэгтэй","Гүйцэтгэх гэрээлэгч","  40-44","Зүүн бүс","0"
"Эмэгтэй","Гүйцэтгэх гэрээлэгч","  40-44","Улаанбаатар","0"
"Эмэгтэй","Гүйцэтгэх гэрээлэгч","  45-49","Улсын дүн","182"
"Эмэгтэй","Гүйцэтгэх гэрээлэгч","  45-49","Баруун бүс","0"
"Эмэгтэй","Гүйцэтгэх гэрээлэгч","  45-49","Хангайн бүс","0"
"Эмэгтэй","Гүйцэтгэх гэрээлэгч","  45-49","Төвийн бүс","69"
"Эмэгтэй","Гүйцэтгэх гэрээлэгч","  45-49","Зүүн бүс","55"
"Эмэгтэй","Гүйцэтгэх гэрээлэгч","  45-49","Улаанбаатар","58"
"Эмэгтэй","Гүйцэтгэх гэрээлэгч","  50-54","Улсын дүн","125"
"Эмэгтэй","Гүйцэтгэх гэрээлэгч","  50-54","Баруун бүс","50"
"Эмэгтэй","Гүйцэтгэх гэрээлэгч","  50-54","Хангайн бүс","75"
"Эмэгтэй","Гүйцэтгэх гэрээлэгч","  50-54","Төвийн бүс","0"
"Эмэгтэй","Гүйцэтгэх гэрээлэгч","  50-54","Зүүн бүс","0"
"Эмэгтэй","Гүйцэтгэх гэрээлэгч","  50-54","Улаанбаатар","0"
"Эмэгтэй","Гүйцэтгэх гэрээлэгч","  55-59","Улсын дүн","165"
"Эмэгтэй","Гүйцэтгэх гэрээлэгч","  55-59","Баруун бүс","135"
"Эмэгтэй","Гүйцэтгэх гэрээлэгч","  55-59","Хангайн бүс","0"
"Эмэгтэй","Гүйцэтгэх гэрээлэгч","  55-59","Төвийн бүс","29"
"Эмэгтэй","Гүйцэтгэх гэрээлэгч","  55-59","Зүүн бүс","0"
"Эмэгтэй","Гүйцэтгэх гэрээлэгч","  55-59","Улаанбаатар","0"
"Эмэгтэй","Гүйцэтгэх гэрээлэгч","  60-64","Улсын дүн","121"
"Эмэгтэй","Гүйцэтгэх гэрээлэгч","  60-64","Баруун бүс","0"
"Эмэгтэй","Гүйцэтгэх гэрээлэгч","  60-64","Хангайн бүс","72"
"Эмэгтэй","Гүйцэтгэх гэрээлэгч","  60-64","Төвийн бүс","49"
"Эмэгтэй","Гүйцэтгэх гэрээлэгч","  60-64","Зүүн бүс","0"
"Эмэгтэй","Гүйцэтгэх гэрээлэгч","  60-64","Улаанбаатар","0"
"Эмэгтэй","Гүйцэтгэх гэрээлэгч","  65-69","Улсын дүн","318"
"Эмэгтэй","Гүйцэтгэх гэрээлэгч","  65-69","Баруун бүс","0"
"Эмэгтэй","Гүйцэтгэх гэрээлэгч","  65-69","Хангайн бүс","0"
"Эмэгтэй","Гүйцэтгэх гэрээлэгч","  65-69","Төвийн бүс","0"
"Эмэгтэй","Гүйцэтгэх гэрээлэгч","  65-69","Зүүн бүс","0"
"Эмэгтэй","Гүйцэтгэх гэрээлэгч","  65-69","Улаанбаатар","318"
"Эмэгтэй","Гүйцэтгэх гэрээлэгч","  70+","Улсын дүн","25"
"Эмэгтэй","Гүйцэтгэх гэрээлэгч","  70+","Баруун бүс","0"
"Эмэгтэй","Гүйцэтгэх гэрээлэгч","  70+","Хангайн бүс","0"
"Эмэгтэй","Гүйцэтгэх гэрээлэгч","  70+","Төвийн бүс","25"
"Эмэгтэй","Гүйцэтгэх гэрээлэгч","  70+","Зүүн бүс","0"
"Эмэгтэй","Гүйцэтгэх гэрээлэгч","  70+","Улаанбаатар","0"
"Эмэгтэй","Цалин хөлстэй ажиллагч","Бүгд","Улсын дүн","0"
"Эмэгтэй","Цалин хөлстэй ажиллагч","Бүгд","Баруун бүс","0"
"Эмэгтэй","Цалин хөлстэй ажиллагч","Бүгд","Хангайн бүс","0"
"Эмэгтэй","Цалин хөлстэй ажиллагч","Бүгд","Төвийн бүс","0"
"Эмэгтэй","Цалин хөлстэй ажиллагч","Бүгд","Зүүн бүс","0"
"Эмэгтэй","Цалин хөлстэй ажиллагч","Бүгд","Улаанбаатар","0"
"Эмэгтэй","Цалин хөлстэй ажиллагч","  15-19","Улсын дүн","0"
"Эмэгтэй","Цалин хөлстэй ажиллагч","  15-19","Баруун бүс","0"
"Эмэгтэй","Цалин хөлстэй ажиллагч","  15-19","Хангайн бүс","0"
"Эмэгтэй","Цалин хөлстэй ажиллагч","  15-19","Төвийн бүс","0"
"Эмэгтэй","Цалин хөлстэй ажиллагч","  15-19","Зүүн бүс","0"
"Эмэгтэй","Цалин хөлстэй ажиллагч","  15-19","Улаанбаатар","0"
"Эмэгтэй","Цалин хөлстэй ажиллагч","  20-24","Улсын дүн","0"
"Эмэгтэй","Цалин хөлстэй ажиллагч","  20-24","Баруун бүс","0"
"Эмэгтэй","Цалин хөлстэй ажиллагч","  20-24","Хангайн бүс","0"
"Эмэгтэй","Цалин хөлстэй ажиллагч","  20-24","Төвийн бүс","0"
"Эмэгтэй","Цалин хөлстэй ажиллагч","  20-24","Зүүн бүс","0"
"Эмэгтэй","Цалин хөлстэй ажиллагч","  20-24","Улаанбаатар","0"
"Эмэгтэй","Цалин хөлстэй ажиллагч","  25-29","Улсын дүн","0"
"Эмэгтэй","Цалин хөлстэй ажиллагч","  25-29","Баруун бүс","0"
"Эмэгтэй","Цалин хөлстэй ажиллагч","  25-29","Хангайн бүс","0"
"Эмэгтэй","Цалин хөлстэй ажиллагч","  25-29","Төвийн бүс","0"
"Эмэгтэй","Цалин хөлстэй ажиллагч","  25-29","Зүүн бүс","0"
"Эмэгтэй","Цалин хөлстэй ажиллагч","  25-29","Улаанбаатар","0"
"Эмэгтэй","Цалин хөлстэй ажиллагч","  30-34","Улсын дүн","0"
"Эмэгтэй","Цалин хөлстэй ажиллагч","  30-34","Баруун бүс","0"
"Эмэгтэй","Цалин хөлстэй ажиллагч","  30-34","Хангайн бүс","0"
"Эмэгтэй","Цалин хөлстэй ажиллагч","  30-34","Төвийн бүс","0"
"Эмэгтэй","Цалин хөлстэй ажиллагч","  30-34","Зүүн бүс","0"
"Эмэгтэй","Цалин хөлстэй ажиллагч","  30-34","Улаанбаатар","0"
"Эмэгтэй","Цалин хөлстэй ажиллагч","  35-39","Улсын дүн","0"
"Эмэгтэй","Цалин хөлстэй ажиллагч","  35-39","Баруун бүс","0"
"Эмэгтэй","Цалин хөлстэй ажиллагч","  35-39","Хангайн бүс","0"
"Эмэгтэй","Цалин хөлстэй ажиллагч","  35-39","Төвийн бүс","0"
"Эмэгтэй","Цалин хөлстэй ажиллагч","  35-39","Зүүн бүс","0"
"Эмэгтэй","Цалин хөлстэй ажиллагч","  35-39","Улаанбаатар","0"
"Эмэгтэй","Цалин хөлстэй ажиллагч","  40-44","Улсын дүн","0"
"Эмэгтэй","Цалин хөлстэй ажиллагч","  40-44","Баруун бүс","0"
"Эмэгтэй","Цалин хөлстэй ажиллагч","  40-44","Хангайн бүс","0"
"Эмэгтэй","Цалин хөлстэй ажиллагч","  40-44","Төвийн бүс","0"
"Эмэгтэй","Цалин хөлстэй ажиллагч","  40-44","Зүүн бүс","0"
"Эмэгтэй","Цалин хөлстэй ажиллагч","  40-44","Улаанбаатар","0"
"Эмэгтэй","Цалин хөлстэй ажиллагч","  45-49","Улсын дүн","0"
"Эмэгтэй","Цалин хөлстэй ажиллагч","  45-49","Баруун бүс","0"
"Эмэгтэй","Цалин хөлстэй ажиллагч","  45-49","Хангайн бүс","0"
"Эмэгтэй","Цалин хөлстэй ажиллагч","  45-49","Төвийн бүс","0"
"Эмэгтэй","Цалин хөлстэй ажиллагч","  45-49","Зүүн бүс","0"
"Эмэгтэй","Цалин хөлстэй ажиллагч","  45-49","Улаанбаатар","0"
"Эмэгтэй","Цалин хөлстэй ажиллагч","  50-54","Улсын дүн","0"
"Эмэгтэй","Цалин хөлстэй ажиллагч","  50-54","Баруун бүс","0"
"Эмэгтэй","Цалин хөлстэй ажиллагч","  50-54","Хангайн бүс","0"
"Эмэгтэй","Цалин хөлстэй ажиллагч","  50-54","Төвийн бүс","0"
"Эмэгтэй","Цалин хөлстэй ажиллагч","  50-54","Зүүн бүс","0"
"Эмэгтэй","Цалин хөлстэй ажиллагч","  50-54","Улаанбаатар","0"
"Эмэгтэй","Цалин хөлстэй ажиллагч","  55-59","Улсын дүн","0"
"Эмэгтэй","Цалин хөлстэй ажиллагч","  55-59","Баруун бүс","0"
"Эмэгтэй","Цалин хөлстэй ажиллагч","  55-59","Хангайн бүс","0"
"Эмэгтэй","Цалин хөлстэй ажиллагч","  55-59","Төвийн бүс","0"
"Эмэгтэй","Цалин хөлстэй ажиллагч","  55-59","Зүүн бүс","0"
"Эмэгтэй","Цалин хөлстэй ажиллагч","  55-59","Улаанбаатар","0"
"Эмэгтэй","Цалин хөлстэй ажиллагч","  60-64","Улсын дүн","0"
"Эмэгтэй","Цалин хөлстэй ажиллагч","  60-64","Баруун бүс","0"
"Эмэгтэй","Цалин хөлстэй ажиллагч","  60-64","Хангайн бүс","0"
"Эмэгтэй","Цалин хөлстэй ажиллагч","  60-64","Төвийн бүс","0"
"Эмэгтэй","Цалин хөлстэй ажиллагч","  60-64","Зүүн бүс","0"
"Эмэгтэй","Цалин хөлстэй ажиллагч","  60-64","Улаанбаатар","0"
"Эмэгтэй","Цалин хөлстэй ажиллагч","  65-69","Улсын дүн","0"
"Эмэгтэй","Цалин хөлстэй ажиллагч","  65-69","Баруун бүс","0"
"Эмэгтэй","Цалин хөлстэй ажиллагч","  65-69","Хангайн бүс","0"
"Эмэгтэй","Цалин хөлстэй ажиллагч","  65-69","Төвийн бүс","0"
"Эмэгтэй","Цалин хөлстэй ажиллагч","  65-69","Зүүн бүс","0"
"Эмэгтэй","Цалин хөлстэй ажиллагч","  65-69","Улаанбаатар","0"
"Эмэгтэй","Цалин хөлстэй ажиллагч","  70+","Улсын дүн","0"
"Эмэгтэй","Цалин хөлстэй ажиллагч","  70+","Баруун бүс","0"
"Эмэгтэй","Цалин хөлстэй ажиллагч","  70+","Хангайн бүс","0"
"Эмэгтэй","Цалин хөлстэй ажиллагч","  70+","Төвийн бүс","0"
"Эмэгтэй","Цалин хөлстэй ажиллагч","  70+","Зүүн бүс","0"
"Эмэгтэй","Цалин хөлстэй ажиллагч","  70+","Улаанбаатар","0"
"Эмэгтэй","Гэр бүлийн гишүүдэд хувь нэмрээ оруулагч","Бүгд","Улсын дүн","1,230"
"Эмэгтэй","Гэр бүлийн гишүүдэд хувь нэмрээ оруулагч","Бүгд","Баруун бүс","149"
"Эмэгтэй","Гэр бүлийн гишүүдэд хувь нэмрээ оруулагч","Бүгд","Хангайн бүс","841"
"Эмэгтэй","Гэр бүлийн гишүүдэд хувь нэмрээ оруулагч","Бүгд","Төвийн бүс","0"
"Эмэгтэй","Гэр бүлийн гишүүдэд хувь нэмрээ оруулагч","Бүгд","Зүүн бүс","0"
"Эмэгтэй","Гэр бүлийн гишүүдэд хувь нэмрээ оруулагч","Бүгд","Улаанбаатар","240"
"Эмэгтэй","Гэр бүлийн гишүүдэд хувь нэмрээ оруулагч","  15-19","Улсын дүн","240"
"Эмэгтэй","Гэр бүлийн гишүүдэд хувь нэмрээ оруулагч","  15-19","Баруун бүс","0"
"Эмэгтэй","Гэр бүлийн гишүүдэд хувь нэмрээ оруулагч","  15-19","Хангайн бүс","0"
"Эмэгтэй","Гэр бүлийн гишүүдэд хувь нэмрээ оруулагч","  15-19","Төвийн бүс","0"
"Эмэгтэй","Гэр бүлийн гишүүдэд хувь нэмрээ оруулагч","  15-19","Зүүн бүс","0"
"Эмэгтэй","Гэр бүлийн гишүүдэд хувь нэмрээ оруулагч","  15-19","Улаанбаатар","240"
"Эмэгтэй","Гэр бүлийн гишүүдэд хувь нэмрээ оруулагч","  20-24","Улсын дүн","103"
"Эмэгтэй","Гэр бүлийн гишүүдэд хувь нэмрээ оруулагч","  20-24","Баруун бүс","62"
"Эмэгтэй","Гэр бүлийн гишүүдэд хувь нэмрээ оруулагч","  20-24","Хангайн бүс","41"
"Эмэгтэй","Гэр бүлийн гишүүдэд хувь нэмрээ оруулагч","  20-24","Төвийн бүс","0"
"Эмэгтэй","Гэр бүлийн гишүүдэд хувь нэмрээ оруулагч","  20-24","Зүүн бүс","0"
"Эмэгтэй","Гэр бүлийн гишүүдэд хувь нэмрээ оруулагч","  20-24","Улаанбаатар","0"
"Эмэгтэй","Гэр бүлийн гишүүдэд хувь нэмрээ оруулагч","  25-29","Улсын дүн","0"
"Эмэгтэй","Гэр бүлийн гишүүдэд хувь нэмрээ оруулагч","  25-29","Баруун бүс","0"
"Эмэгтэй","Гэр бүлийн гишүүдэд хувь нэмрээ оруулагч","  25-29","Хангайн бүс","0"
"Эмэгтэй","Гэр бүлийн гишүүдэд хувь нэмрээ оруулагч","  25-29","Төвийн бүс","0"
"Эмэгтэй","Гэр бүлийн гишүүдэд хувь нэмрээ оруулагч","  25-29","Зүүн бүс","0"
"Эмэгтэй","Гэр бүлийн гишүүдэд хувь нэмрээ оруулагч","  25-29","Улаанбаатар","0"
"Эмэгтэй","Гэр бүлийн гишүүдэд хувь нэмрээ оруулагч","  30-34","Улсын дүн","40"
"Эмэгтэй","Гэр бүлийн гишүүдэд хувь нэмрээ оруулагч","  30-34","Баруун бүс","0"
"Эмэгтэй","Гэр бүлийн гишүүдэд хувь нэмрээ оруулагч","  30-34","Хангайн бүс","40"
"Эмэгтэй","Гэр бүлийн гишүүдэд хувь нэмрээ оруулагч","  30-34","Төвийн бүс","0"
"Эмэгтэй","Гэр бүлийн гишүүдэд хувь нэмрээ оруулагч","  30-34","Зүүн бүс","0"
"Эмэгтэй","Гэр бүлийн гишүүдэд хувь нэмрээ оруулагч","  30-34","Улаанбаатар","0"
"Эмэгтэй","Гэр бүлийн гишүүдэд хувь нэмрээ оруулагч","  35-39","Улсын дүн","330"
"Эмэгтэй","Гэр бүлийн гишүүдэд хувь нэмрээ оруулагч","  35-39","Баруун бүс","62"
"Эмэгтэй","Гэр бүлийн гишүүдэд хувь нэмрээ оруулагч","  35-39","Хангайн бүс","268"
"Эмэгтэй","Гэр бүлийн гишүүдэд хувь нэмрээ оруулагч","  35-39","Төвийн бүс","0"
"Эмэгтэй","Гэр бүлийн гишүүдэд хувь нэмрээ оруулагч","  35-39","Зүүн бүс","0"
"Эмэгтэй","Гэр бүлийн гишүүдэд хувь нэмрээ оруулагч","  35-39","Улаанбаатар","0"
"Эмэгтэй","Гэр бүлийн гишүүдэд хувь нэмрээ оруулагч","  40-44","Улсын дүн","319"
"Эмэгтэй","Гэр бүлийн гишүүдэд хувь нэмрээ оруулагч","  40-44","Баруун бүс","0"
"Эмэгтэй","Гэр бүлийн гишүүдэд хувь нэмрээ оруулагч","  40-44","Хангайн бүс","319"
"Эмэгтэй","Гэр бүлийн гишүүдэд хувь нэмрээ оруулагч","  40-44","Төвийн бүс","0"
"Эмэгтэй","Гэр бүлийн гишүүдэд хувь нэмрээ оруулагч","  40-44","Зүүн бүс","0"
"Эмэгтэй","Гэр бүлийн гишүүдэд хувь нэмрээ оруулагч","  40-44","Улаанбаатар","0"
"Эмэгтэй","Гэр бүлийн гишүүдэд хувь нэмрээ оруулагч","  45-49","Улсын дүн","102"
"Эмэгтэй","Гэр бүлийн гишүүдэд хувь нэмрээ оруулагч","  45-49","Баруун бүс","26"
"Эмэгтэй","Гэр бүлийн гишүүдэд хувь нэмрээ оруулагч","  45-49","Хангайн бүс","76"
"Эмэгтэй","Гэр бүлийн гишүүдэд хувь нэмрээ оруулагч","  45-49","Төвийн бүс","0"
"Эмэгтэй","Гэр бүлийн гишүүдэд хувь нэмрээ оруулагч","  45-49","Зүүн бүс","0"
"Эмэгтэй","Гэр бүлийн гишүүдэд хувь нэмрээ оруулагч","  45-49","Улаанбаатар","0"
"Эмэгтэй","Гэр бүлийн гишүүдэд хувь нэмрээ оруулагч","  50-54","Улсын дүн","0"
"Эмэгтэй","Гэр бүлийн гишүүдэд хувь нэмрээ оруулагч","  50-54","Баруун бүс","0"
"Эмэгтэй","Гэр бүлийн гишүүдэд хувь нэмрээ оруулагч","  50-54","Хангайн бүс","0"
"Эмэгтэй","Гэр бүлийн гишүүдэд хувь нэмрээ оруулагч","  50-54","Төвийн бүс","0"
"Эмэгтэй","Гэр бүлийн гишүүдэд хувь нэмрээ оруулагч","  50-54","Зүүн бүс","0"
"Эмэгтэй","Гэр бүлийн гишүүдэд хувь нэмрээ оруулагч","  50-54","Улаанбаатар","0"
"Эмэгтэй","Гэр бүлийн гишүүдэд хувь нэмрээ оруулагч","  55-59","Улсын дүн","98"
"Эмэгтэй","Гэр бүлийн гишүүдэд хувь нэмрээ оруулагч","  55-59","Баруун бүс","0"
"Эмэгтэй","Гэр бүлийн гишүүдэд хувь нэмрээ оруулагч","  55-59","Хангайн бүс","98"
"Эмэгтэй","Гэр бүлийн гишүүдэд хувь нэмрээ оруулагч","  55-59","Төвийн бүс","0"
"Эмэгтэй","Гэр бүлийн гишүүдэд хувь нэмрээ оруулагч","  55-59","Зүүн бүс","0"
"Эмэгтэй","Гэр бүлийн гишүүдэд хувь нэмрээ оруулагч","  55-59","Улаанбаатар","0"
"Эмэгтэй","Гэр бүлийн гишүүдэд хувь нэмрээ оруулагч","  60-64","Улсын дүн","0"
"Эмэгтэй","Гэр бүлийн гишүүдэд хувь нэмрээ оруулагч","  60-64","Баруун бүс","0"
"Эмэгтэй","Гэр бүлийн гишүүдэд хувь нэмрээ оруулагч","  60-64","Хангайн бүс","0"
"Эмэгтэй","Гэр бүлийн гишүүдэд хувь нэмрээ оруулагч","  60-64","Төвийн бүс","0"
"Эмэгтэй","Гэр бүлийн гишүүдэд хувь нэмрээ оруулагч","  60-64","Зүүн бүс","0"
"Эмэгтэй","Гэр бүлийн гишүүдэд хувь нэмрээ оруулагч","  60-64","Улаанбаатар","0"
"Эмэгтэй","Гэр бүлийн гишүүдэд хувь нэмрээ оруулагч","  65-69","Улсын дүн","0"
"Эмэгтэй","Гэр бүлийн гишүүдэд хувь нэмрээ оруулагч","  65-69","Баруун бүс","0"
"Эмэгтэй","Гэр бүлийн гишүүдэд хувь нэмрээ оруулагч","  65-69","Хангайн бүс","0"
"Эмэгтэй","Гэр бүлийн гишүүдэд хувь нэмрээ оруулагч","  65-69","Төвийн бүс","0"
"Эмэгтэй","Гэр бүлийн гишүүдэд хувь нэмрээ оруулагч","  65-69","Зүүн бүс","0"
"Эмэгтэй","Гэр бүлийн гишүүдэд хувь нэмрээ оруулагч","  65-69","Улаанбаатар","0"
"Эмэгтэй","Гэр бүлийн гишүүдэд хувь нэмрээ оруулагч","  70+","Улсын дүн","0"
"Эмэгтэй","Гэр бүлийн гишүүдэд хувь нэмрээ оруулагч","  70+","Баруун бүс","0"
"Эмэгтэй","Гэр бүлийн гишүүдэд хувь нэмрээ оруулагч","  70+","Хангайн бүс","0"
"Эмэгтэй","Гэр бүлийн гишүүдэд хувь нэмрээ оруулагч","  70+","Төвийн бүс","0"
"Эмэгтэй","Гэр бүлийн гишүүдэд хувь нэмрээ оруулагч","  70+","Зүүн бүс","0"
"Эмэгтэй","Гэр бүлийн гишүүдэд хувь нэмрээ оруулагч","  70+","Улаанбаатар","0"
"Эмэгтэй","Эдгээр статуст хамрагдаагүй ажиллагчид","Бүгд","Улсын дүн","0"
"Эмэгтэй","Эдгээр статуст хамрагдаагүй ажиллагчид","Бүгд","Баруун бүс","0"
"Эмэгтэй","Эдгээр статуст хамрагдаагүй ажиллагчид","Бүгд","Хангайн бүс","0"
"Эмэгтэй","Эдгээр статуст хамрагдаагүй ажиллагчид","Бүгд","Төвийн бүс","0"
"Эмэгтэй","Эдгээр статуст хамрагдаагүй ажиллагчид","Бүгд","Зүүн бүс","0"
"Эмэгтэй","Эдгээр статуст хамрагдаагүй ажиллагчид","Бүгд","Улаанбаатар","0"
"Эмэгтэй","Эдгээр статуст хамрагдаагүй ажиллагчид","  15-19","Улсын дүн","0"
"Эмэгтэй","Эдгээр статуст хамрагдаагүй ажиллагчид","  15-19","Баруун бүс","0"
"Эмэгтэй","Эдгээр статуст хамрагдаагүй ажиллагчид","  15-19","Хангайн бүс","0"
"Эмэгтэй","Эдгээр статуст хамрагдаагүй ажиллагчид","  15-19","Төвийн бүс","0"
"Эмэгтэй","Эдгээр статуст хамрагдаагүй ажиллагчид","  15-19","Зүүн бүс","0"
"Эмэгтэй","Эдгээр статуст хамрагдаагүй ажиллагчид","  15-19","Улаанбаатар","0"
"Эмэгтэй","Эдгээр статуст хамрагдаагүй ажиллагчид","  20-24","Улсын дүн","0"
"Эмэгтэй","Эдгээр статуст хамрагдаагүй ажиллагчид","  20-24","Баруун бүс","0"
"Эмэгтэй","Эдгээр статуст хамрагдаагүй ажиллагчид","  20-24","Хангайн бүс","0"
"Эмэгтэй","Эдгээр статуст хамрагдаагүй ажиллагчид","  20-24","Төвийн бүс","0"
"Эмэгтэй","Эдгээр статуст хамрагдаагүй ажиллагчид","  20-24","Зүүн бүс","0"
"Эмэгтэй","Эдгээр статуст хамрагдаагүй ажиллагчид","  20-24","Улаанбаатар","0"
"Эмэгтэй","Эдгээр статуст хамрагдаагүй ажиллагчид","  25-29","Улсын дүн","0"
"Эмэгтэй","Эдгээр статуст хамрагдаагүй ажиллагчид","  25-29","Баруун бүс","0"
"Эмэгтэй","Эдгээр статуст хамрагдаагүй ажиллагчид","  25-29","Хангайн бүс","0"
"Эмэгтэй","Эдгээр статуст хамрагдаагүй ажиллагчид","  25-29","Төвийн бүс","0"
"Эмэгтэй","Эдгээр статуст хамрагдаагүй ажиллагчид","  25-29","Зүүн бүс","0"
"Эмэгтэй","Эдгээр статуст хамрагдаагүй ажиллагчид","  25-29","Улаанбаатар","0"
"Эмэгтэй","Эдгээр статуст хамрагдаагүй ажиллагчид","  30-34","Улсын дүн","0"
"Эмэгтэй","Эдгээр статуст хамрагдаагүй ажиллагчид","  30-34","Баруун бүс","0"
"Эмэгтэй","Эдгээр статуст хамрагдаагүй ажиллагчид","  30-34","Хангайн бүс","0"
"Эмэгтэй","Эдгээр статуст хамрагдаагүй ажиллагчид","  30-34","Төвийн бүс","0"
"Эмэгтэй","Эдгээр статуст хамрагдаагүй ажиллагчид","  30-34","Зүүн бүс","0"
"Эмэгтэй","Эдгээр статуст хамрагдаагүй ажиллагчид","  30-34","Улаанбаатар","0"
"Эмэгтэй","Эдгээр статуст хамрагдаагүй ажиллагчид","  35-39","Улсын дүн","0"
"Эмэгтэй","Эдгээр статуст хамрагдаагүй ажиллагчид","  35-39","Баруун бүс","0"
"Эмэгтэй","Эдгээр статуст хамрагдаагүй ажиллагчид","  35-39","Хангайн бүс","0"
"Эмэгтэй","Эдгээр статуст хамрагдаагүй ажиллагчид","  35-39","Төвийн бүс","0"
"Эмэгтэй","Эдгээр статуст хамрагдаагүй ажиллагчид","  35-39","Зүүн бүс","0"
"Эмэгтэй","Эдгээр статуст хамрагдаагүй ажиллагчид","  35-39","Улаанбаатар","0"
"Эмэгтэй","Эдгээр статуст хамрагдаагүй ажиллагчид","  40-44","Улсын дүн","0"
"Эмэгтэй","Эдгээр статуст хамрагдаагүй ажиллагчид","  40-44","Баруун бүс","0"
"Эмэгтэй","Эдгээр статуст хамрагдаагүй ажиллагчид","  40-44","Хангайн бүс","0"
"Эмэгтэй","Эдгээр статуст хамрагдаагүй ажиллагчид","  40-44","Төвийн бүс","0"
"Эмэгтэй","Эдгээр статуст хамрагдаагүй ажиллагчид","  40-44","Зүүн бүс","0"
"Эмэгтэй","Эдгээр статуст хамрагдаагүй ажиллагчид","  40-44","Улаанбаатар","0"
"Эмэгтэй","Эдгээр статуст хамрагдаагүй ажиллагчид","  45-49","Улсын дүн","0"
"Эмэгтэй","Эдгээр статуст хамрагдаагүй ажиллагчид","  45-49","Баруун бүс","0"
"Эмэгтэй","Эдгээр статуст хамрагдаагүй ажиллагчид","  45-49","Хангайн бүс","0"
"Эмэгтэй","Эдгээр статуст хамрагдаагүй ажиллагчид","  45-49","Төвийн бүс","0"
"Эмэгтэй","Эдгээр статуст хамрагдаагүй ажиллагчид","  45-49","Зүүн бүс","0"
"Эмэгтэй","Эдгээр статуст хамрагдаагүй ажиллагчид","  45-49","Улаанбаатар","0"
"Эмэгтэй","Эдгээр статуст хамрагдаагүй ажиллагчид","  50-54","Улсын дүн","0"
"Эмэгтэй","Эдгээр статуст хамрагдаагүй ажиллагчид","  50-54","Баруун бүс","0"
"Эмэгтэй","Эдгээр статуст хамрагдаагүй ажиллагчид","  50-54","Хангайн бүс","0"
"Эмэгтэй","Эдгээр статуст хамрагдаагүй ажиллагчид","  50-54","Төвийн бүс","0"
"Эмэгтэй","Эдгээр статуст хамрагдаагүй ажиллагчид","  50-54","Зүүн бүс","0"
"Эмэгтэй","Эдгээр статуст хамрагдаагүй ажиллагчид","  50-54","Улаанбаатар","0"
"Эмэгтэй","Эдгээр статуст хамрагдаагүй ажиллагчид","  55-59","Улсын дүн","0"
"Эмэгтэй","Эдгээр статуст хамрагдаагүй ажиллагчид","  55-59","Баруун бүс","0"
"Эмэгтэй","Эдгээр статуст хамрагдаагүй ажиллагчид","  55-59","Хангайн бүс","0"
"Эмэгтэй","Эдгээр статуст хамрагдаагүй ажиллагчид","  55-59","Төвийн бүс","0"
"Эмэгтэй","Эдгээр статуст хамрагдаагүй ажиллагчид","  55-59","Зүүн бүс","0"
"Эмэгтэй","Эдгээр статуст хамрагдаагүй ажиллагчид","  55-59","Улаанбаатар","0"
"Эмэгтэй","Эдгээр статуст хамрагдаагүй ажиллагчид","  60-64","Улсын дүн","0"
"Эмэгтэй","Эдгээр статуст хамрагдаагүй ажиллагчид","  60-64","Баруун бүс","0"
"Эмэгтэй","Эдгээр статуст хамрагдаагүй ажиллагчид","  60-64","Хангайн бүс","0"
"Эмэгтэй","Эдгээр статуст хамрагдаагүй ажиллагчид","  60-64","Төвийн бүс","0"
"Эмэгтэй","Эдгээр статуст хамрагдаагүй ажиллагчид","  60-64","Зүүн бүс","0"
"Эмэгтэй","Эдгээр статуст хамрагдаагүй ажиллагчид","  60-64","Улаанбаатар","0"
"Эмэгтэй","Эдгээр статуст хамрагдаагүй ажиллагчид","  65-69","Улсын дүн","0"
"Эмэгтэй","Эдгээр статуст хамрагдаагүй ажиллагчид","  65-69","Баруун бүс","0"
"Эмэгтэй","Эдгээр статуст хамрагдаагүй ажиллагчид","  65-69","Хангайн бүс","0"
"Эмэгтэй","Эдгээр статуст хамрагдаагүй ажиллагчид","  65-69","Төвийн бүс","0"
"Эмэгтэй","Эдгээр статуст хамрагдаагүй ажиллагчид","  65-69","Зүүн бүс","0"
"Эмэгтэй","Эдгээр статуст хамрагдаагүй ажиллагчид","  65-69","Улаанбаатар","0"
"Эмэгтэй","Эдгээр статуст хамрагдаагүй ажиллагчид","  70+","Улсын дүн","0"
"Эмэгтэй","Эдгээр статуст хамрагдаагүй ажиллагчид","  70+","Баруун бүс","0"
"Эмэгтэй","Эдгээр статуст хамрагдаагүй ажиллагчид","  70+","Хангайн бүс","0"
"Эмэгтэй","Эдгээр статуст хамрагдаагүй ажиллагчид","  70+","Төвийн бүс","0"
"Эмэгтэй","Эдгээр статуст хамрагдаагүй ажиллагчид","  70+","Зүүн бүс","0"
"Эмэгтэй","Эдгээр статуст хамрагдаагүй ажиллагчид","  70+","Улаанбаатар","0"
